timestamp,campaign_tag,technology,analysis,dataset_label,run_type,run_index,input_rows,input_bytes_hdfs,output_path,elapsed_seconds_job_time,status,error_log_path,command,output_part_files_count,output_rows
2026-06-02T18:44:06.339186+00:00,cluster_4core_all_datasets_mr_final,hive,analysis_1,100k,repeated,1,100000,14762421,hdfs:///flight-delay/results/output_benchmark_cluster/cluster_4core_all_datasets_mr_final/hive/analysis_1_100k_repeated_1,31.6606,success,/home/hadoop/flight-delay-bigdata-project/results/benchmark_cluster/logs/cluster_4core_all_datasets_mr_final_hive_analysis_1_100k_repeated_1.log,beeline -u jdbc:hive2://localhost:10000/default --hiveconf hive.execution.engine=mr --hiveconf hive.exec.mode.local.auto=false --hiveconf hive.exec.reducers.bytes.per.reducer=256000000 --hiveconf hive.exec.reducers.max=1009 --hiveconf output_dir=hdfs:///flight-delay/results/output_benchmark_cluster/cluster_4core_all_datasets_mr_final/hive/analysis_1_100k_repeated_1 -f hive/analysis_1_airline_stats.sql,1,1485
2026-06-02T18:44:53.411874+00:00,cluster_4core_all_datasets_mr_final,hive,analysis_1,100k,repeated,2,100000,14762421,hdfs:///flight-delay/results/output_benchmark_cluster/cluster_4core_all_datasets_mr_final/hive/analysis_1_100k_repeated_2,30.4215,success,/home/hadoop/flight-delay-bigdata-project/results/benchmark_cluster/logs/cluster_4core_all_datasets_mr_final_hive_analysis_1_100k_repeated_2.log,beeline -u jdbc:hive2://localhost:10000/default --hiveconf hive.execution.engine=mr --hiveconf hive.exec.mode.local.auto=false --hiveconf hive.exec.reducers.bytes.per.reducer=256000000 --hiveconf hive.exec.reducers.max=1009 --hiveconf output_dir=hdfs:///flight-delay/results/output_benchmark_cluster/cluster_4core_all_datasets_mr_final/hive/analysis_1_100k_repeated_2 -f hive/analysis_1_airline_stats.sql,1,1485
2026-06-02T18:45:37.953582+00:00,cluster_4core_all_datasets_mr_final,hive,analysis_1,100k,repeated,3,100000,14762421,hdfs:///flight-delay/results/output_benchmark_cluster/cluster_4core_all_datasets_mr_final/hive/analysis_1_100k_repeated_3,28.9192,success,/home/hadoop/flight-delay-bigdata-project/results/benchmark_cluster/logs/cluster_4core_all_datasets_mr_final_hive_analysis_1_100k_repeated_3.log,beeline -u jdbc:hive2://localhost:10000/default --hiveconf hive.execution.engine=mr --hiveconf hive.exec.mode.local.auto=false --hiveconf hive.exec.reducers.bytes.per.reducer=256000000 --hiveconf hive.exec.reducers.max=1009 --hiveconf output_dir=hdfs:///flight-delay/results/output_benchmark_cluster/cluster_4core_all_datasets_mr_final/hive/analysis_1_100k_repeated_3 -f hive/analysis_1_airline_stats.sql,1,1485
2026-06-02T18:46:21.229162+00:00,cluster_4core_all_datasets_mr_final,hive,analysis_1,500k,repeated,1,500000,73794240,hdfs:///flight-delay/results/output_benchmark_cluster/cluster_4core_all_datasets_mr_final/hive/analysis_1_500k_repeated_1,33.3184,success,/home/hadoop/flight-delay-bigdata-project/results/benchmark_cluster/logs/cluster_4core_all_datasets_mr_final_hive_analysis_1_500k_repeated_1.log,beeline -u jdbc:hive2://localhost:10000/default --hiveconf hive.execution.engine=mr --hiveconf hive.exec.mode.local.auto=false --hiveconf hive.exec.reducers.bytes.per.reducer=256000000 --hiveconf hive.exec.reducers.max=1009 --hiveconf output_dir=hdfs:///flight-delay/results/output_benchmark_cluster/cluster_4core_all_datasets_mr_final/hive/analysis_1_500k_repeated_1 -f hive/analysis_1_airline_stats.sql,1,1564
2026-06-02T18:47:09.417591+00:00,cluster_4core_all_datasets_mr_final,hive,analysis_1,500k,repeated,2,500000,73794240,hdfs:///flight-delay/results/output_benchmark_cluster/cluster_4core_all_datasets_mr_final/hive/analysis_1_500k_repeated_2,33.5968,success,/home/hadoop/flight-delay-bigdata-project/results/benchmark_cluster/logs/cluster_4core_all_datasets_mr_final_hive_analysis_1_500k_repeated_2.log,beeline -u jdbc:hive2://localhost:10000/default --hiveconf hive.execution.engine=mr --hiveconf hive.exec.mode.local.auto=false --hiveconf hive.exec.reducers.bytes.per.reducer=256000000 --hiveconf hive.exec.reducers.max=1009 --hiveconf output_dir=hdfs:///flight-delay/results/output_benchmark_cluster/cluster_4core_all_datasets_mr_final/hive/analysis_1_500k_repeated_2 -f hive/analysis_1_airline_stats.sql,1,1564
2026-06-02T18:47:57.057616+00:00,cluster_4core_all_datasets_mr_final,hive,analysis_1,500k,repeated,3,500000,73794240,hdfs:///flight-delay/results/output_benchmark_cluster/cluster_4core_all_datasets_mr_final/hive/analysis_1_500k_repeated_3,32.0929,success,/home/hadoop/flight-delay-bigdata-project/results/benchmark_cluster/logs/cluster_4core_all_datasets_mr_final_hive_analysis_1_500k_repeated_3.log,beeline -u jdbc:hive2://localhost:10000/default --hiveconf hive.execution.engine=mr --hiveconf hive.exec.mode.local.auto=false --hiveconf hive.exec.reducers.bytes.per.reducer=256000000 --hiveconf hive.exec.reducers.max=1009 --hiveconf output_dir=hdfs:///flight-delay/results/output_benchmark_cluster/cluster_4core_all_datasets_mr_final/hive/analysis_1_500k_repeated_3 -f hive/analysis_1_airline_stats.sql,1,1564
2026-06-02T18:48:47.648234+00:00,cluster_4core_all_datasets_mr_final,hive,analysis_1,1m,repeated,1,1000000,147935473,hdfs:///flight-delay/results/output_benchmark_cluster/cluster_4core_all_datasets_mr_final/hive/analysis_1_1m_repeated_1,30.4488,success,/home/hadoop/flight-delay-bigdata-project/results/benchmark_cluster/logs/cluster_4core_all_datasets_mr_final_hive_analysis_1_1m_repeated_1.log,beeline -u jdbc:hive2://localhost:10000/default --hiveconf hive.execution.engine=mr --hiveconf hive.exec.mode.local.auto=false --hiveconf hive.exec.reducers.bytes.per.reducer=256000000 --hiveconf hive.exec.reducers.max=1009 --hiveconf output_dir=hdfs:///flight-delay/results/output_benchmark_cluster/cluster_4core_all_datasets_mr_final/hive/analysis_1_1m_repeated_1 -f hive/analysis_1_airline_stats.sql,1,1586
2026-06-02T18:49:32.892702+00:00,cluster_4core_all_datasets_mr_final,hive,analysis_1,1m,repeated,2,1000000,147935473,hdfs:///flight-delay/results/output_benchmark_cluster/cluster_4core_all_datasets_mr_final/hive/analysis_1_1m_repeated_2,31.4299,success,/home/hadoop/flight-delay-bigdata-project/results/benchmark_cluster/logs/cluster_4core_all_datasets_mr_final_hive_analysis_1_1m_repeated_2.log,beeline -u jdbc:hive2://localhost:10000/default --hiveconf hive.execution.engine=mr --hiveconf hive.exec.mode.local.auto=false --hiveconf hive.exec.reducers.bytes.per.reducer=256000000 --hiveconf hive.exec.reducers.max=1009 --hiveconf output_dir=hdfs:///flight-delay/results/output_benchmark_cluster/cluster_4core_all_datasets_mr_final/hive/analysis_1_1m_repeated_2 -f hive/analysis_1_airline_stats.sql,1,1586
2026-06-02T18:50:18.177052+00:00,cluster_4core_all_datasets_mr_final,hive,analysis_1,1m,repeated,3,1000000,147935473,hdfs:///flight-delay/results/output_benchmark_cluster/cluster_4core_all_datasets_mr_final/hive/analysis_1_1m_repeated_3,31.4661,success,/home/hadoop/flight-delay-bigdata-project/results/benchmark_cluster/logs/cluster_4core_all_datasets_mr_final_hive_analysis_1_1m_repeated_3.log,beeline -u jdbc:hive2://localhost:10000/default --hiveconf hive.execution.engine=mr --hiveconf hive.exec.mode.local.auto=false --hiveconf hive.exec.reducers.bytes.per.reducer=256000000 --hiveconf hive.exec.reducers.max=1009 --hiveconf output_dir=hdfs:///flight-delay/results/output_benchmark_cluster/cluster_4core_all_datasets_mr_final/hive/analysis_1_1m_repeated_3 -f hive/analysis_1_airline_stats.sql,1,1586
2026-06-02T18:51:04.893666+00:00,cluster_4core_all_datasets_mr_final,hive,analysis_1,3m,repeated,1,3000000,444331337,hdfs:///flight-delay/results/output_benchmark_cluster/cluster_4core_all_datasets_mr_final/hive/analysis_1_3m_repeated_1,40.8214,success,/home/hadoop/flight-delay-bigdata-project/results/benchmark_cluster/logs/cluster_4core_all_datasets_mr_final_hive_analysis_1_3m_repeated_1.log,beeline -u jdbc:hive2://localhost:10000/default --hiveconf hive.execution.engine=mr --hiveconf hive.exec.mode.local.auto=false --hiveconf hive.exec.reducers.bytes.per.reducer=256000000 --hiveconf hive.exec.reducers.max=1009 --hiveconf output_dir=hdfs:///flight-delay/results/output_benchmark_cluster/cluster_4core_all_datasets_mr_final/hive/analysis_1_3m_repeated_1 -f hive/analysis_1_airline_stats.sql,2,1682
2026-06-02T18:51:59.905451+00:00,cluster_4core_all_datasets_mr_final,hive,analysis_1,3m,repeated,2,3000000,444331337,hdfs:///flight-delay/results/output_benchmark_cluster/cluster_4core_all_datasets_mr_final/hive/analysis_1_3m_repeated_2,37.8598,success,/home/hadoop/flight-delay-bigdata-project/results/benchmark_cluster/logs/cluster_4core_all_datasets_mr_final_hive_analysis_1_3m_repeated_2.log,beeline -u jdbc:hive2://localhost:10000/default --hiveconf hive.execution.engine=mr --hiveconf hive.exec.mode.local.auto=false --hiveconf hive.exec.reducers.bytes.per.reducer=256000000 --hiveconf hive.exec.reducers.max=1009 --hiveconf output_dir=hdfs:///flight-delay/results/output_benchmark_cluster/cluster_4core_all_datasets_mr_final/hive/analysis_1_3m_repeated_2 -f hive/analysis_1_airline_stats.sql,2,1682
2026-06-02T18:52:51.931825+00:00,cluster_4core_all_datasets_mr_final,hive,analysis_1,3m,repeated,3,3000000,444331337,hdfs:///flight-delay/results/output_benchmark_cluster/cluster_4core_all_datasets_mr_final/hive/analysis_1_3m_repeated_3,39.5315,success,/home/hadoop/flight-delay-bigdata-project/results/benchmark_cluster/logs/cluster_4core_all_datasets_mr_final_hive_analysis_1_3m_repeated_3.log,beeline -u jdbc:hive2://localhost:10000/default --hiveconf hive.execution.engine=mr --hiveconf hive.exec.mode.local.auto=false --hiveconf hive.exec.reducers.bytes.per.reducer=256000000 --hiveconf hive.exec.reducers.max=1009 --hiveconf output_dir=hdfs:///flight-delay/results/output_benchmark_cluster/cluster_4core_all_datasets_mr_final/hive/analysis_1_3m_repeated_3 -f hive/analysis_1_airline_stats.sql,2,1682
2026-06-02T18:53:45.464768+00:00,cluster_4core_all_datasets_mr_final,hive,analysis_1,7m,repeated,1,7079081,1051181497,hdfs:///flight-delay/results/output_benchmark_cluster/cluster_4core_all_datasets_mr_final/hive/analysis_1_7m_repeated_1,42.6799,success,/home/hadoop/flight-delay-bigdata-project/results/benchmark_cluster/logs/cluster_4core_all_datasets_mr_final_hive_analysis_1_7m_repeated_1.log,beeline -u jdbc:hive2://localhost:10000/default --hiveconf hive.execution.engine=mr --hiveconf hive.exec.mode.local.auto=false --hiveconf hive.exec.reducers.bytes.per.reducer=256000000 --hiveconf hive.exec.reducers.max=1009 --hiveconf output_dir=hdfs:///flight-delay/results/output_benchmark_cluster/cluster_4core_all_datasets_mr_final/hive/analysis_1_7m_repeated_1 -f hive/analysis_1_airline_stats.sql,5,1738
2026-06-02T18:54:43.418169+00:00,cluster_4core_all_datasets_mr_final,hive,analysis_1,7m,repeated,2,7079081,1051181497,hdfs:///flight-delay/results/output_benchmark_cluster/cluster_4core_all_datasets_mr_final/hive/analysis_1_7m_repeated_2,43.4442,success,/home/hadoop/flight-delay-bigdata-project/results/benchmark_cluster/logs/cluster_4core_all_datasets_mr_final_hive_analysis_1_7m_repeated_2.log,beeline -u jdbc:hive2://localhost:10000/default --hiveconf hive.execution.engine=mr --hiveconf hive.exec.mode.local.auto=false --hiveconf hive.exec.reducers.bytes.per.reducer=256000000 --hiveconf hive.exec.reducers.max=1009 --hiveconf output_dir=hdfs:///flight-delay/results/output_benchmark_cluster/cluster_4core_all_datasets_mr_final/hive/analysis_1_7m_repeated_2 -f hive/analysis_1_airline_stats.sql,5,1738
2026-06-02T18:55:41.249564+00:00,cluster_4core_all_datasets_mr_final,hive,analysis_1,7m,repeated,3,7079081,1051181497,hdfs:///flight-delay/results/output_benchmark_cluster/cluster_4core_all_datasets_mr_final/hive/analysis_1_7m_repeated_3,41.6315,success,/home/hadoop/flight-delay-bigdata-project/results/benchmark_cluster/logs/cluster_4core_all_datasets_mr_final_hive_analysis_1_7m_repeated_3.log,beeline -u jdbc:hive2://localhost:10000/default --hiveconf hive.execution.engine=mr --hiveconf hive.exec.mode.local.auto=false --hiveconf hive.exec.reducers.bytes.per.reducer=256000000 --hiveconf hive.exec.reducers.max=1009 --hiveconf output_dir=hdfs:///flight-delay/results/output_benchmark_cluster/cluster_4core_all_datasets_mr_final/hive/analysis_1_7m_repeated_3 -f hive/analysis_1_airline_stats.sql,5,1738
2026-06-02T18:56:36.849945+00:00,cluster_4core_all_datasets_mr_final,hive,analysis_1,10m,repeated,1,10000000,1483850277,hdfs:///flight-delay/results/output_benchmark_cluster/cluster_4core_all_datasets_mr_final/hive/analysis_1_10m_repeated_1,44.5053,success,/home/hadoop/flight-delay-bigdata-project/results/benchmark_cluster/logs/cluster_4core_all_datasets_mr_final_hive_analysis_1_10m_repeated_1.log,beeline -u jdbc:hive2://localhost:10000/default --hiveconf hive.execution.engine=mr --hiveconf hive.exec.mode.local.auto=false --hiveconf hive.exec.reducers.bytes.per.reducer=256000000 --hiveconf hive.exec.reducers.max=1009 --hiveconf output_dir=hdfs:///flight-delay/results/output_benchmark_cluster/cluster_4core_all_datasets_mr_final/hive/analysis_1_10m_repeated_1 -f hive/analysis_1_airline_stats.sql,6,1738
2026-06-02T18:57:36.657938+00:00,cluster_4core_all_datasets_mr_final,hive,analysis_1,10m,repeated,2,10000000,1483850277,hdfs:///flight-delay/results/output_benchmark_cluster/cluster_4core_all_datasets_mr_final/hive/analysis_1_10m_repeated_2,45.7886,success,/home/hadoop/flight-delay-bigdata-project/results/benchmark_cluster/logs/cluster_4core_all_datasets_mr_final_hive_analysis_1_10m_repeated_2.log,beeline -u jdbc:hive2://localhost:10000/default --hiveconf hive.execution.engine=mr --hiveconf hive.exec.mode.local.auto=false --hiveconf hive.exec.reducers.bytes.per.reducer=256000000 --hiveconf hive.exec.reducers.max=1009 --hiveconf output_dir=hdfs:///flight-delay/results/output_benchmark_cluster/cluster_4core_all_datasets_mr_final/hive/analysis_1_10m_repeated_2 -f hive/analysis_1_airline_stats.sql,6,1738
2026-06-02T18:58:36.543329+00:00,cluster_4core_all_datasets_mr_final,hive,analysis_1,10m,repeated,3,10000000,1483850277,hdfs:///flight-delay/results/output_benchmark_cluster/cluster_4core_all_datasets_mr_final/hive/analysis_1_10m_repeated_3,46.8213,success,/home/hadoop/flight-delay-bigdata-project/results/benchmark_cluster/logs/cluster_4core_all_datasets_mr_final_hive_analysis_1_10m_repeated_3.log,beeline -u jdbc:hive2://localhost:10000/default --hiveconf hive.execution.engine=mr --hiveconf hive.exec.mode.local.auto=false --hiveconf hive.exec.reducers.bytes.per.reducer=256000000 --hiveconf hive.exec.reducers.max=1009 --hiveconf output_dir=hdfs:///flight-delay/results/output_benchmark_cluster/cluster_4core_all_datasets_mr_final/hive/analysis_1_10m_repeated_3 -f hive/analysis_1_airline_stats.sql,6,1738
2026-06-02T18:59:38.146141+00:00,cluster_4core_all_datasets_mr_final,hive,analysis_1,14m,repeated,1,14158162,2102362680,hdfs:///flight-delay/results/output_benchmark_cluster/cluster_4core_all_datasets_mr_final/hive/analysis_1_14m_repeated_1,53.6754,success,/home/hadoop/flight-delay-bigdata-project/results/benchmark_cluster/logs/cluster_4core_all_datasets_mr_final_hive_analysis_1_14m_repeated_1.log,beeline -u jdbc:hive2://localhost:10000/default --hiveconf hive.execution.engine=mr --hiveconf hive.exec.mode.local.auto=false --hiveconf hive.exec.reducers.bytes.per.reducer=256000000 --hiveconf hive.exec.reducers.max=1009 --hiveconf output_dir=hdfs:///flight-delay/results/output_benchmark_cluster/cluster_4core_all_datasets_mr_final/hive/analysis_1_14m_repeated_1 -f hive/analysis_1_airline_stats.sql,9,1738
2026-06-02T19:00:46.740738+00:00,cluster_4core_all_datasets_mr_final,hive,analysis_1,14m,repeated,2,14158162,2102362680,hdfs:///flight-delay/results/output_benchmark_cluster/cluster_4core_all_datasets_mr_final/hive/analysis_1_14m_repeated_2,54.8207,success,/home/hadoop/flight-delay-bigdata-project/results/benchmark_cluster/logs/cluster_4core_all_datasets_mr_final_hive_analysis_1_14m_repeated_2.log,beeline -u jdbc:hive2://localhost:10000/default --hiveconf hive.execution.engine=mr --hiveconf hive.exec.mode.local.auto=false --hiveconf hive.exec.reducers.bytes.per.reducer=256000000 --hiveconf hive.exec.reducers.max=1009 --hiveconf output_dir=hdfs:///flight-delay/results/output_benchmark_cluster/cluster_4core_all_datasets_mr_final/hive/analysis_1_14m_repeated_2 -f hive/analysis_1_airline_stats.sql,9,1738
2026-06-02T19:01:55.446041+00:00,cluster_4core_all_datasets_mr_final,hive,analysis_1,14m,repeated,3,14158162,2102362680,hdfs:///flight-delay/results/output_benchmark_cluster/cluster_4core_all_datasets_mr_final/hive/analysis_1_14m_repeated_3,52.6131,success,/home/hadoop/flight-delay-bigdata-project/results/benchmark_cluster/logs/cluster_4core_all_datasets_mr_final_hive_analysis_1_14m_repeated_3.log,beeline -u jdbc:hive2://localhost:10000/default --hiveconf hive.execution.engine=mr --hiveconf hive.exec.mode.local.auto=false --hiveconf hive.exec.reducers.bytes.per.reducer=256000000 --hiveconf hive.exec.reducers.max=1009 --hiveconf output_dir=hdfs:///flight-delay/results/output_benchmark_cluster/cluster_4core_all_datasets_mr_final/hive/analysis_1_14m_repeated_3 -f hive/analysis_1_airline_stats.sql,9,1738
2026-06-02T19:03:02.727569+00:00,cluster_4core_all_datasets_mr_final,hive,analysis_2,100k,repeated,1,100000,14762421,hdfs:///flight-delay/results/output_benchmark_cluster/cluster_4core_all_datasets_mr_final/hive/analysis_2_100k_repeated_1,77.8443,success,/home/hadoop/flight-delay-bigdata-project/results/benchmark_cluster/logs/cluster_4core_all_datasets_mr_final_hive_analysis_2_100k_repeated_1.log,beeline -u jdbc:hive2://localhost:10000/default --hiveconf hive.execution.engine=mr --hiveconf hive.exec.mode.local.auto=false --hiveconf hive.exec.reducers.bytes.per.reducer=256000000 --hiveconf hive.exec.reducers.max=1009 --hiveconf output_dir=hdfs:///flight-delay/results/output_benchmark_cluster/cluster_4core_all_datasets_mr_final/hive/analysis_2_100k_repeated_1 -f hive/analysis_2_airport_month_delay_report.sql,1,847
2026-06-02T19:04:34.529147+00:00,cluster_4core_all_datasets_mr_final,hive,analysis_2,100k,repeated,2,100000,14762421,hdfs:///flight-delay/results/output_benchmark_cluster/cluster_4core_all_datasets_mr_final/hive/analysis_2_100k_repeated_2,76.1824,success,/home/hadoop/flight-delay-bigdata-project/results/benchmark_cluster/logs/cluster_4core_all_datasets_mr_final_hive_analysis_2_100k_repeated_2.log,beeline -u jdbc:hive2://localhost:10000/default --hiveconf hive.execution.engine=mr --hiveconf hive.exec.mode.local.auto=false --hiveconf hive.exec.reducers.bytes.per.reducer=256000000 --hiveconf hive.exec.reducers.max=1009 --hiveconf output_dir=hdfs:///flight-delay/results/output_benchmark_cluster/cluster_4core_all_datasets_mr_final/hive/analysis_2_100k_repeated_2 -f hive/analysis_2_airport_month_delay_report.sql,1,847
2026-06-02T19:06:05.231901+00:00,cluster_4core_all_datasets_mr_final,hive,analysis_2,100k,repeated,3,100000,14762421,hdfs:///flight-delay/results/output_benchmark_cluster/cluster_4core_all_datasets_mr_final/hive/analysis_2_100k_repeated_3,78.0945,success,/home/hadoop/flight-delay-bigdata-project/results/benchmark_cluster/logs/cluster_4core_all_datasets_mr_final_hive_analysis_2_100k_repeated_3.log,beeline -u jdbc:hive2://localhost:10000/default --hiveconf hive.execution.engine=mr --hiveconf hive.exec.mode.local.auto=false --hiveconf hive.exec.reducers.bytes.per.reducer=256000000 --hiveconf hive.exec.reducers.max=1009 --hiveconf output_dir=hdfs:///flight-delay/results/output_benchmark_cluster/cluster_4core_all_datasets_mr_final/hive/analysis_2_100k_repeated_3 -f hive/analysis_2_airport_month_delay_report.sql,1,847
2026-06-02T19:07:36.995156+00:00,cluster_4core_all_datasets_mr_final,hive,analysis_2,500k,repeated,1,500000,73794240,hdfs:///flight-delay/results/output_benchmark_cluster/cluster_4core_all_datasets_mr_final/hive/analysis_2_500k_repeated_1,78.8127,success,/home/hadoop/flight-delay-bigdata-project/results/benchmark_cluster/logs/cluster_4core_all_datasets_mr_final_hive_analysis_2_500k_repeated_1.log,beeline -u jdbc:hive2://localhost:10000/default --hiveconf hive.execution.engine=mr --hiveconf hive.exec.mode.local.auto=false --hiveconf hive.exec.reducers.bytes.per.reducer=256000000 --hiveconf hive.exec.reducers.max=1009 --hiveconf output_dir=hdfs:///flight-delay/results/output_benchmark_cluster/cluster_4core_all_datasets_mr_final/hive/analysis_2_500k_repeated_1 -f hive/analysis_2_airport_month_delay_report.sql,1,992
2026-06-02T19:09:09.599827+00:00,cluster_4core_all_datasets_mr_final,hive,analysis_2,500k,repeated,2,500000,73794240,hdfs:///flight-delay/results/output_benchmark_cluster/cluster_4core_all_datasets_mr_final/hive/analysis_2_500k_repeated_2,77.3921,success,/home/hadoop/flight-delay-bigdata-project/results/benchmark_cluster/logs/cluster_4core_all_datasets_mr_final_hive_analysis_2_500k_repeated_2.log,beeline -u jdbc:hive2://localhost:10000/default --hiveconf hive.execution.engine=mr --hiveconf hive.exec.mode.local.auto=false --hiveconf hive.exec.reducers.bytes.per.reducer=256000000 --hiveconf hive.exec.reducers.max=1009 --hiveconf output_dir=hdfs:///flight-delay/results/output_benchmark_cluster/cluster_4core_all_datasets_mr_final/hive/analysis_2_500k_repeated_2 -f hive/analysis_2_airport_month_delay_report.sql,1,992
2026-06-02T19:10:41.134297+00:00,cluster_4core_all_datasets_mr_final,hive,analysis_2,500k,repeated,3,500000,73794240,hdfs:///flight-delay/results/output_benchmark_cluster/cluster_4core_all_datasets_mr_final/hive/analysis_2_500k_repeated_3,79.6758,success,/home/hadoop/flight-delay-bigdata-project/results/benchmark_cluster/logs/cluster_4core_all_datasets_mr_final_hive_analysis_2_500k_repeated_3.log,beeline -u jdbc:hive2://localhost:10000/default --hiveconf hive.execution.engine=mr --hiveconf hive.exec.mode.local.auto=false --hiveconf hive.exec.reducers.bytes.per.reducer=256000000 --hiveconf hive.exec.reducers.max=1009 --hiveconf output_dir=hdfs:///flight-delay/results/output_benchmark_cluster/cluster_4core_all_datasets_mr_final/hive/analysis_2_500k_repeated_3 -f hive/analysis_2_airport_month_delay_report.sql,1,992
2026-06-02T19:12:14.472737+00:00,cluster_4core_all_datasets_mr_final,hive,analysis_2,1m,repeated,1,1000000,147935473,hdfs:///flight-delay/results/output_benchmark_cluster/cluster_4core_all_datasets_mr_final/hive/analysis_2_1m_repeated_1,75.8404,success,/home/hadoop/flight-delay-bigdata-project/results/benchmark_cluster/logs/cluster_4core_all_datasets_mr_final_hive_analysis_2_1m_repeated_1.log,beeline -u jdbc:hive2://localhost:10000/default --hiveconf hive.execution.engine=mr --hiveconf hive.exec.mode.local.auto=false --hiveconf hive.exec.reducers.bytes.per.reducer=256000000 --hiveconf hive.exec.reducers.max=1009 --hiveconf output_dir=hdfs:///flight-delay/results/output_benchmark_cluster/cluster_4core_all_datasets_mr_final/hive/analysis_2_1m_repeated_1 -f hive/analysis_2_airport_month_delay_report.sql,1,1959
2026-06-02T19:13:44.665530+00:00,cluster_4core_all_datasets_mr_final,hive,analysis_2,1m,repeated,2,1000000,147935473,hdfs:///flight-delay/results/output_benchmark_cluster/cluster_4core_all_datasets_mr_final/hive/analysis_2_1m_repeated_2,74.2062,success,/home/hadoop/flight-delay-bigdata-project/results/benchmark_cluster/logs/cluster_4core_all_datasets_mr_final_hive_analysis_2_1m_repeated_2.log,beeline -u jdbc:hive2://localhost:10000/default --hiveconf hive.execution.engine=mr --hiveconf hive.exec.mode.local.auto=false --hiveconf hive.exec.reducers.bytes.per.reducer=256000000 --hiveconf hive.exec.reducers.max=1009 --hiveconf output_dir=hdfs:///flight-delay/results/output_benchmark_cluster/cluster_4core_all_datasets_mr_final/hive/analysis_2_1m_repeated_2 -f hive/analysis_2_airport_month_delay_report.sql,1,1959
2026-06-02T19:15:13.017827+00:00,cluster_4core_all_datasets_mr_final,hive,analysis_2,1m,repeated,3,1000000,147935473,hdfs:///flight-delay/results/output_benchmark_cluster/cluster_4core_all_datasets_mr_final/hive/analysis_2_1m_repeated_3,79.1207,success,/home/hadoop/flight-delay-bigdata-project/results/benchmark_cluster/logs/cluster_4core_all_datasets_mr_final_hive_analysis_2_1m_repeated_3.log,beeline -u jdbc:hive2://localhost:10000/default --hiveconf hive.execution.engine=mr --hiveconf hive.exec.mode.local.auto=false --hiveconf hive.exec.reducers.bytes.per.reducer=256000000 --hiveconf hive.exec.reducers.max=1009 --hiveconf output_dir=hdfs:///flight-delay/results/output_benchmark_cluster/cluster_4core_all_datasets_mr_final/hive/analysis_2_1m_repeated_3 -f hive/analysis_2_airport_month_delay_report.sql,1,1959
2026-06-02T19:16:47.132493+00:00,cluster_4core_all_datasets_mr_final,hive,analysis_2,3m,repeated,1,3000000,444331337,hdfs:///flight-delay/results/output_benchmark_cluster/cluster_4core_all_datasets_mr_final/hive/analysis_2_3m_repeated_1,87.6087,success,/home/hadoop/flight-delay-bigdata-project/results/benchmark_cluster/logs/cluster_4core_all_datasets_mr_final_hive_analysis_2_3m_repeated_1.log,beeline -u jdbc:hive2://localhost:10000/default --hiveconf hive.execution.engine=mr --hiveconf hive.exec.mode.local.auto=false --hiveconf hive.exec.reducers.bytes.per.reducer=256000000 --hiveconf hive.exec.reducers.max=1009 --hiveconf output_dir=hdfs:///flight-delay/results/output_benchmark_cluster/cluster_4core_all_datasets_mr_final/hive/analysis_2_3m_repeated_1 -f hive/analysis_2_airport_month_delay_report.sql,1,5830
2026-06-02T19:18:28.613228+00:00,cluster_4core_all_datasets_mr_final,hive,analysis_2,3m,repeated,2,3000000,444331337,hdfs:///flight-delay/results/output_benchmark_cluster/cluster_4core_all_datasets_mr_final/hive/analysis_2_3m_repeated_2,85.6468,success,/home/hadoop/flight-delay-bigdata-project/results/benchmark_cluster/logs/cluster_4core_all_datasets_mr_final_hive_analysis_2_3m_repeated_2.log,beeline -u jdbc:hive2://localhost:10000/default --hiveconf hive.execution.engine=mr --hiveconf hive.exec.mode.local.auto=false --hiveconf hive.exec.reducers.bytes.per.reducer=256000000 --hiveconf hive.exec.reducers.max=1009 --hiveconf output_dir=hdfs:///flight-delay/results/output_benchmark_cluster/cluster_4core_all_datasets_mr_final/hive/analysis_2_3m_repeated_2 -f hive/analysis_2_airport_month_delay_report.sql,1,5830
2026-06-02T19:20:08.154648+00:00,cluster_4core_all_datasets_mr_final,hive,analysis_2,3m,repeated,3,3000000,444331337,hdfs:///flight-delay/results/output_benchmark_cluster/cluster_4core_all_datasets_mr_final/hive/analysis_2_3m_repeated_3,82.6920,success,/home/hadoop/flight-delay-bigdata-project/results/benchmark_cluster/logs/cluster_4core_all_datasets_mr_final_hive_analysis_2_3m_repeated_3.log,beeline -u jdbc:hive2://localhost:10000/default --hiveconf hive.execution.engine=mr --hiveconf hive.exec.mode.local.auto=false --hiveconf hive.exec.reducers.bytes.per.reducer=256000000 --hiveconf hive.exec.reducers.max=1009 --hiveconf output_dir=hdfs:///flight-delay/results/output_benchmark_cluster/cluster_4core_all_datasets_mr_final/hive/analysis_2_3m_repeated_3 -f hive/analysis_2_airport_month_delay_report.sql,1,5830
2026-06-02T19:21:46.150070+00:00,cluster_4core_all_datasets_mr_final,hive,analysis_2,7m,repeated,1,7079081,1051181497,hdfs:///flight-delay/results/output_benchmark_cluster/cluster_4core_all_datasets_mr_final/hive/analysis_2_7m_repeated_1,90.7728,success,/home/hadoop/flight-delay-bigdata-project/results/benchmark_cluster/logs/cluster_4core_all_datasets_mr_final_hive_analysis_2_7m_repeated_1.log,beeline -u jdbc:hive2://localhost:10000/default --hiveconf hive.execution.engine=mr --hiveconf hive.exec.mode.local.auto=false --hiveconf hive.exec.reducers.bytes.per.reducer=256000000 --hiveconf hive.exec.reducers.max=1009 --hiveconf output_dir=hdfs:///flight-delay/results/output_benchmark_cluster/cluster_4core_all_datasets_mr_final/hive/analysis_2_7m_repeated_1 -f hive/analysis_2_airport_month_delay_report.sql,1,11902
2026-06-02T19:23:31.765894+00:00,cluster_4core_all_datasets_mr_final,hive,analysis_2,7m,repeated,2,7079081,1051181497,hdfs:///flight-delay/results/output_benchmark_cluster/cluster_4core_all_datasets_mr_final/hive/analysis_2_7m_repeated_2,87.1356,success,/home/hadoop/flight-delay-bigdata-project/results/benchmark_cluster/logs/cluster_4core_all_datasets_mr_final_hive_analysis_2_7m_repeated_2.log,beeline -u jdbc:hive2://localhost:10000/default --hiveconf hive.execution.engine=mr --hiveconf hive.exec.mode.local.auto=false --hiveconf hive.exec.reducers.bytes.per.reducer=256000000 --hiveconf hive.exec.reducers.max=1009 --hiveconf output_dir=hdfs:///flight-delay/results/output_benchmark_cluster/cluster_4core_all_datasets_mr_final/hive/analysis_2_7m_repeated_2 -f hive/analysis_2_airport_month_delay_report.sql,1,11902
2026-06-02T19:25:13.285597+00:00,cluster_4core_all_datasets_mr_final,hive,analysis_2,7m,repeated,3,7079081,1051181497,hdfs:///flight-delay/results/output_benchmark_cluster/cluster_4core_all_datasets_mr_final/hive/analysis_2_7m_repeated_3,86.3163,success,/home/hadoop/flight-delay-bigdata-project/results/benchmark_cluster/logs/cluster_4core_all_datasets_mr_final_hive_analysis_2_7m_repeated_3.log,beeline -u jdbc:hive2://localhost:10000/default --hiveconf hive.execution.engine=mr --hiveconf hive.exec.mode.local.auto=false --hiveconf hive.exec.reducers.bytes.per.reducer=256000000 --hiveconf hive.exec.reducers.max=1009 --hiveconf output_dir=hdfs:///flight-delay/results/output_benchmark_cluster/cluster_4core_all_datasets_mr_final/hive/analysis_2_7m_repeated_3 -f hive/analysis_2_airport_month_delay_report.sql,1,11902
2026-06-02T19:26:55.493515+00:00,cluster_4core_all_datasets_mr_final,hive,analysis_2,10m,repeated,1,10000000,1483850277,hdfs:///flight-delay/results/output_benchmark_cluster/cluster_4core_all_datasets_mr_final/hive/analysis_2_10m_repeated_1,95.5706,success,/home/hadoop/flight-delay-bigdata-project/results/benchmark_cluster/logs/cluster_4core_all_datasets_mr_final_hive_analysis_2_10m_repeated_1.log,beeline -u jdbc:hive2://localhost:10000/default --hiveconf hive.execution.engine=mr --hiveconf hive.exec.mode.local.auto=false --hiveconf hive.exec.reducers.bytes.per.reducer=256000000 --hiveconf hive.exec.reducers.max=1009 --hiveconf output_dir=hdfs:///flight-delay/results/output_benchmark_cluster/cluster_4core_all_datasets_mr_final/hive/analysis_2_10m_repeated_1 -f hive/analysis_2_airport_month_delay_report.sql,1,11902
2026-06-02T19:28:45.623878+00:00,cluster_4core_all_datasets_mr_final,hive,analysis_2,10m,repeated,2,10000000,1483850277,hdfs:///flight-delay/results/output_benchmark_cluster/cluster_4core_all_datasets_mr_final/hive/analysis_2_10m_repeated_2,98.1260,success,/home/hadoop/flight-delay-bigdata-project/results/benchmark_cluster/logs/cluster_4core_all_datasets_mr_final_hive_analysis_2_10m_repeated_2.log,beeline -u jdbc:hive2://localhost:10000/default --hiveconf hive.execution.engine=mr --hiveconf hive.exec.mode.local.auto=false --hiveconf hive.exec.reducers.bytes.per.reducer=256000000 --hiveconf hive.exec.reducers.max=1009 --hiveconf output_dir=hdfs:///flight-delay/results/output_benchmark_cluster/cluster_4core_all_datasets_mr_final/hive/analysis_2_10m_repeated_2 -f hive/analysis_2_airport_month_delay_report.sql,1,11902
2026-06-02T19:30:38.052912+00:00,cluster_4core_all_datasets_mr_final,hive,analysis_2,10m,repeated,3,10000000,1483850277,hdfs:///flight-delay/results/output_benchmark_cluster/cluster_4core_all_datasets_mr_final/hive/analysis_2_10m_repeated_3,96.7182,success,/home/hadoop/flight-delay-bigdata-project/results/benchmark_cluster/logs/cluster_4core_all_datasets_mr_final_hive_analysis_2_10m_repeated_3.log,beeline -u jdbc:hive2://localhost:10000/default --hiveconf hive.execution.engine=mr --hiveconf hive.exec.mode.local.auto=false --hiveconf hive.exec.reducers.bytes.per.reducer=256000000 --hiveconf hive.exec.reducers.max=1009 --hiveconf output_dir=hdfs:///flight-delay/results/output_benchmark_cluster/cluster_4core_all_datasets_mr_final/hive/analysis_2_10m_repeated_3 -f hive/analysis_2_airport_month_delay_report.sql,1,11902
2026-06-02T19:32:31.199803+00:00,cluster_4core_all_datasets_mr_final,hive,analysis_2,14m,repeated,1,14158162,2102362680,hdfs:///flight-delay/results/output_benchmark_cluster/cluster_4core_all_datasets_mr_final/hive/analysis_2_14m_repeated_1,110.8252,success,/home/hadoop/flight-delay-bigdata-project/results/benchmark_cluster/logs/cluster_4core_all_datasets_mr_final_hive_analysis_2_14m_repeated_1.log,beeline -u jdbc:hive2://localhost:10000/default --hiveconf hive.execution.engine=mr --hiveconf hive.exec.mode.local.auto=false --hiveconf hive.exec.reducers.bytes.per.reducer=256000000 --hiveconf hive.exec.reducers.max=1009 --hiveconf output_dir=hdfs:///flight-delay/results/output_benchmark_cluster/cluster_4core_all_datasets_mr_final/hive/analysis_2_14m_repeated_1 -f hive/analysis_2_airport_month_delay_report.sql,1,11902
2026-06-02T19:34:36.544843+00:00,cluster_4core_all_datasets_mr_final,hive,analysis_2,14m,repeated,2,14158162,2102362680,hdfs:///flight-delay/results/output_benchmark_cluster/cluster_4core_all_datasets_mr_final/hive/analysis_2_14m_repeated_2,111.9428,success,/home/hadoop/flight-delay-bigdata-project/results/benchmark_cluster/logs/cluster_4core_all_datasets_mr_final_hive_analysis_2_14m_repeated_2.log,beeline -u jdbc:hive2://localhost:10000/default --hiveconf hive.execution.engine=mr --hiveconf hive.exec.mode.local.auto=false --hiveconf hive.exec.reducers.bytes.per.reducer=256000000 --hiveconf hive.exec.reducers.max=1009 --hiveconf output_dir=hdfs:///flight-delay/results/output_benchmark_cluster/cluster_4core_all_datasets_mr_final/hive/analysis_2_14m_repeated_2 -f hive/analysis_2_airport_month_delay_report.sql,1,11902
2026-06-02T19:36:44.222392+00:00,cluster_4core_all_datasets_mr_final,hive,analysis_2,14m,repeated,3,14158162,2102362680,hdfs:///flight-delay/results/output_benchmark_cluster/cluster_4core_all_datasets_mr_final/hive/analysis_2_14m_repeated_3,110.3566,success,/home/hadoop/flight-delay-bigdata-project/results/benchmark_cluster/logs/cluster_4core_all_datasets_mr_final_hive_analysis_2_14m_repeated_3.log,beeline -u jdbc:hive2://localhost:10000/default --hiveconf hive.execution.engine=mr --hiveconf hive.exec.mode.local.auto=false --hiveconf hive.exec.reducers.bytes.per.reducer=256000000 --hiveconf hive.exec.reducers.max=1009 --hiveconf output_dir=hdfs:///flight-delay/results/output_benchmark_cluster/cluster_4core_all_datasets_mr_final/hive/analysis_2_14m_repeated_3 -f hive/analysis_2_airport_month_delay_report.sql,1,11902
2026-06-02T19:38:49.337470+00:00,cluster_4core_all_datasets_mr_final,hive,analysis_3,100k,repeated,1,100000,14762421,hdfs:///flight-delay/results/output_benchmark_cluster/cluster_4core_all_datasets_mr_final/hive/analysis_3_100k_repeated_1,95.3214,success,/home/hadoop/flight-delay-bigdata-project/results/benchmark_cluster/logs/cluster_4core_all_datasets_mr_final_hive_analysis_3_100k_repeated_1.log,beeline -u jdbc:hive2://localhost:10000/default --hiveconf hive.execution.engine=mr --hiveconf hive.exec.mode.local.auto=false --hiveconf hive.exec.reducers.bytes.per.reducer=256000000 --hiveconf hive.exec.reducers.max=1009 --hiveconf output_dir=hdfs:///flight-delay/results/output_benchmark_cluster/cluster_4core_all_datasets_mr_final/hive/analysis_3_100k_repeated_1 -f hive/analysis_3_airline_airport_ranking.sql,1,1485
2026-06-02T19:40:39.214264+00:00,cluster_4core_all_datasets_mr_final,hive,analysis_3,100k,repeated,2,100000,14762421,hdfs:///flight-delay/results/output_benchmark_cluster/cluster_4core_all_datasets_mr_final/hive/analysis_3_100k_repeated_2,104.3252,success,/home/hadoop/flight-delay-bigdata-project/results/benchmark_cluster/logs/cluster_4core_all_datasets_mr_final_hive_analysis_3_100k_repeated_2.log,beeline -u jdbc:hive2://localhost:10000/default --hiveconf hive.execution.engine=mr --hiveconf hive.exec.mode.local.auto=false --hiveconf hive.exec.reducers.bytes.per.reducer=256000000 --hiveconf hive.exec.reducers.max=1009 --hiveconf output_dir=hdfs:///flight-delay/results/output_benchmark_cluster/cluster_4core_all_datasets_mr_final/hive/analysis_3_100k_repeated_2 -f hive/analysis_3_airline_airport_ranking.sql,1,1485
2026-06-02T19:42:39.250577+00:00,cluster_4core_all_datasets_mr_final,hive,analysis_3,100k,repeated,3,100000,14762421,hdfs:///flight-delay/results/output_benchmark_cluster/cluster_4core_all_datasets_mr_final/hive/analysis_3_100k_repeated_3,98.9292,success,/home/hadoop/flight-delay-bigdata-project/results/benchmark_cluster/logs/cluster_4core_all_datasets_mr_final_hive_analysis_3_100k_repeated_3.log,beeline -u jdbc:hive2://localhost:10000/default --hiveconf hive.execution.engine=mr --hiveconf hive.exec.mode.local.auto=false --hiveconf hive.exec.reducers.bytes.per.reducer=256000000 --hiveconf hive.exec.reducers.max=1009 --hiveconf output_dir=hdfs:///flight-delay/results/output_benchmark_cluster/cluster_4core_all_datasets_mr_final/hive/analysis_3_100k_repeated_3 -f hive/analysis_3_airline_airport_ranking.sql,1,1485
2026-06-02T19:44:32.297445+00:00,cluster_4core_all_datasets_mr_final,hive,analysis_3,500k,repeated,1,500000,73794240,hdfs:///flight-delay/results/output_benchmark_cluster/cluster_4core_all_datasets_mr_final/hive/analysis_3_500k_repeated_1,104.1481,success,/home/hadoop/flight-delay-bigdata-project/results/benchmark_cluster/logs/cluster_4core_all_datasets_mr_final_hive_analysis_3_500k_repeated_1.log,beeline -u jdbc:hive2://localhost:10000/default --hiveconf hive.execution.engine=mr --hiveconf hive.exec.mode.local.auto=false --hiveconf hive.exec.reducers.bytes.per.reducer=256000000 --hiveconf hive.exec.reducers.max=1009 --hiveconf output_dir=hdfs:///flight-delay/results/output_benchmark_cluster/cluster_4core_all_datasets_mr_final/hive/analysis_3_500k_repeated_1 -f hive/analysis_3_airline_airport_ranking.sql,1,1564
2026-06-02T19:46:30.882606+00:00,cluster_4core_all_datasets_mr_final,hive,analysis_3,500k,repeated,2,500000,73794240,hdfs:///flight-delay/results/output_benchmark_cluster/cluster_4core_all_datasets_mr_final/hive/analysis_3_500k_repeated_2,104.3031,success,/home/hadoop/flight-delay-bigdata-project/results/benchmark_cluster/logs/cluster_4core_all_datasets_mr_final_hive_analysis_3_500k_repeated_2.log,beeline -u jdbc:hive2://localhost:10000/default --hiveconf hive.execution.engine=mr --hiveconf hive.exec.mode.local.auto=false --hiveconf hive.exec.reducers.bytes.per.reducer=256000000 --hiveconf hive.exec.reducers.max=1009 --hiveconf output_dir=hdfs:///flight-delay/results/output_benchmark_cluster/cluster_4core_all_datasets_mr_final/hive/analysis_3_500k_repeated_2 -f hive/analysis_3_airline_airport_ranking.sql,1,1564
2026-06-02T19:48:30.611753+00:00,cluster_4core_all_datasets_mr_final,hive,analysis_3,500k,repeated,3,500000,73794240,hdfs:///flight-delay/results/output_benchmark_cluster/cluster_4core_all_datasets_mr_final/hive/analysis_3_500k_repeated_3,106.3247,success,/home/hadoop/flight-delay-bigdata-project/results/benchmark_cluster/logs/cluster_4core_all_datasets_mr_final_hive_analysis_3_500k_repeated_3.log,beeline -u jdbc:hive2://localhost:10000/default --hiveconf hive.execution.engine=mr --hiveconf hive.exec.mode.local.auto=false --hiveconf hive.exec.reducers.bytes.per.reducer=256000000 --hiveconf hive.exec.reducers.max=1009 --hiveconf output_dir=hdfs:///flight-delay/results/output_benchmark_cluster/cluster_4core_all_datasets_mr_final/hive/analysis_3_500k_repeated_3 -f hive/analysis_3_airline_airport_ranking.sql,1,1564
2026-06-02T19:50:31.050671+00:00,cluster_4core_all_datasets_mr_final,hive,analysis_3,1m,repeated,1,1000000,147935473,hdfs:///flight-delay/results/output_benchmark_cluster/cluster_4core_all_datasets_mr_final/hive/analysis_3_1m_repeated_1,100.1381,success,/home/hadoop/flight-delay-bigdata-project/results/benchmark_cluster/logs/cluster_4core_all_datasets_mr_final_hive_analysis_3_1m_repeated_1.log,beeline -u jdbc:hive2://localhost:10000/default --hiveconf hive.execution.engine=mr --hiveconf hive.exec.mode.local.auto=false --hiveconf hive.exec.reducers.bytes.per.reducer=256000000 --hiveconf hive.exec.reducers.max=1009 --hiveconf output_dir=hdfs:///flight-delay/results/output_benchmark_cluster/cluster_4core_all_datasets_mr_final/hive/analysis_3_1m_repeated_1 -f hive/analysis_3_airline_airport_ranking.sql,1,1586
2026-06-02T19:52:26.218073+00:00,cluster_4core_all_datasets_mr_final,hive,analysis_3,1m,repeated,2,1000000,147935473,hdfs:///flight-delay/results/output_benchmark_cluster/cluster_4core_all_datasets_mr_final/hive/analysis_3_1m_repeated_2,99.4525,success,/home/hadoop/flight-delay-bigdata-project/results/benchmark_cluster/logs/cluster_4core_all_datasets_mr_final_hive_analysis_3_1m_repeated_2.log,beeline -u jdbc:hive2://localhost:10000/default --hiveconf hive.execution.engine=mr --hiveconf hive.exec.mode.local.auto=false --hiveconf hive.exec.reducers.bytes.per.reducer=256000000 --hiveconf hive.exec.reducers.max=1009 --hiveconf output_dir=hdfs:///flight-delay/results/output_benchmark_cluster/cluster_4core_all_datasets_mr_final/hive/analysis_3_1m_repeated_2 -f hive/analysis_3_airline_airport_ranking.sql,1,1586
2026-06-02T19:54:20.133000+00:00,cluster_4core_all_datasets_mr_final,hive,analysis_3,1m,repeated,3,1000000,147935473,hdfs:///flight-delay/results/output_benchmark_cluster/cluster_4core_all_datasets_mr_final/hive/analysis_3_1m_repeated_3,100.8102,success,/home/hadoop/flight-delay-bigdata-project/results/benchmark_cluster/logs/cluster_4core_all_datasets_mr_final_hive_analysis_3_1m_repeated_3.log,beeline -u jdbc:hive2://localhost:10000/default --hiveconf hive.execution.engine=mr --hiveconf hive.exec.mode.local.auto=false --hiveconf hive.exec.reducers.bytes.per.reducer=256000000 --hiveconf hive.exec.reducers.max=1009 --hiveconf output_dir=hdfs:///flight-delay/results/output_benchmark_cluster/cluster_4core_all_datasets_mr_final/hive/analysis_3_1m_repeated_3 -f hive/analysis_3_airline_airport_ranking.sql,1,1586
2026-06-02T19:56:16.152133+00:00,cluster_4core_all_datasets_mr_final,hive,analysis_3,3m,repeated,1,3000000,444331337,hdfs:///flight-delay/results/output_benchmark_cluster/cluster_4core_all_datasets_mr_final/hive/analysis_3_3m_repeated_1,113.1810,success,/home/hadoop/flight-delay-bigdata-project/results/benchmark_cluster/logs/cluster_4core_all_datasets_mr_final_hive_analysis_3_3m_repeated_1.log,beeline -u jdbc:hive2://localhost:10000/default --hiveconf hive.execution.engine=mr --hiveconf hive.exec.mode.local.auto=false --hiveconf hive.exec.reducers.bytes.per.reducer=256000000 --hiveconf hive.exec.reducers.max=1009 --hiveconf output_dir=hdfs:///flight-delay/results/output_benchmark_cluster/cluster_4core_all_datasets_mr_final/hive/analysis_3_3m_repeated_1 -f hive/analysis_3_airline_airport_ranking.sql,1,1682
2026-06-02T19:58:23.363905+00:00,cluster_4core_all_datasets_mr_final,hive,analysis_3,3m,repeated,2,3000000,444331337,hdfs:///flight-delay/results/output_benchmark_cluster/cluster_4core_all_datasets_mr_final/hive/analysis_3_3m_repeated_2,111.8621,success,/home/hadoop/flight-delay-bigdata-project/results/benchmark_cluster/logs/cluster_4core_all_datasets_mr_final_hive_analysis_3_3m_repeated_2.log,beeline -u jdbc:hive2://localhost:10000/default --hiveconf hive.execution.engine=mr --hiveconf hive.exec.mode.local.auto=false --hiveconf hive.exec.reducers.bytes.per.reducer=256000000 --hiveconf hive.exec.reducers.max=1009 --hiveconf output_dir=hdfs:///flight-delay/results/output_benchmark_cluster/cluster_4core_all_datasets_mr_final/hive/analysis_3_3m_repeated_2 -f hive/analysis_3_airline_airport_ranking.sql,1,1682
2026-06-02T20:00:30.614030+00:00,cluster_4core_all_datasets_mr_final,hive,analysis_3,3m,repeated,3,3000000,444331337,hdfs:///flight-delay/results/output_benchmark_cluster/cluster_4core_all_datasets_mr_final/hive/analysis_3_3m_repeated_3,112.4358,success,/home/hadoop/flight-delay-bigdata-project/results/benchmark_cluster/logs/cluster_4core_all_datasets_mr_final_hive_analysis_3_3m_repeated_3.log,beeline -u jdbc:hive2://localhost:10000/default --hiveconf hive.execution.engine=mr --hiveconf hive.exec.mode.local.auto=false --hiveconf hive.exec.reducers.bytes.per.reducer=256000000 --hiveconf hive.exec.reducers.max=1009 --hiveconf output_dir=hdfs:///flight-delay/results/output_benchmark_cluster/cluster_4core_all_datasets_mr_final/hive/analysis_3_3m_repeated_3 -f hive/analysis_3_airline_airport_ranking.sql,1,1682
2026-06-02T20:02:37.245574+00:00,cluster_4core_all_datasets_mr_final,hive,analysis_3,7m,repeated,1,7079081,1051181497,hdfs:///flight-delay/results/output_benchmark_cluster/cluster_4core_all_datasets_mr_final/hive/analysis_3_7m_repeated_1,125.2738,success,/home/hadoop/flight-delay-bigdata-project/results/benchmark_cluster/logs/cluster_4core_all_datasets_mr_final_hive_analysis_3_7m_repeated_1.log,beeline -u jdbc:hive2://localhost:10000/default --hiveconf hive.execution.engine=mr --hiveconf hive.exec.mode.local.auto=false --hiveconf hive.exec.reducers.bytes.per.reducer=256000000 --hiveconf hive.exec.reducers.max=1009 --hiveconf output_dir=hdfs:///flight-delay/results/output_benchmark_cluster/cluster_4core_all_datasets_mr_final/hive/analysis_3_7m_repeated_1 -f hive/analysis_3_airline_airport_ranking.sql,1,1738
2026-06-02T20:04:56.403178+00:00,cluster_4core_all_datasets_mr_final,hive,analysis_3,7m,repeated,2,7079081,1051181497,hdfs:///flight-delay/results/output_benchmark_cluster/cluster_4core_all_datasets_mr_final/hive/analysis_3_7m_repeated_2,126.4275,success,/home/hadoop/flight-delay-bigdata-project/results/benchmark_cluster/logs/cluster_4core_all_datasets_mr_final_hive_analysis_3_7m_repeated_2.log,beeline -u jdbc:hive2://localhost:10000/default --hiveconf hive.execution.engine=mr --hiveconf hive.exec.mode.local.auto=false --hiveconf hive.exec.reducers.bytes.per.reducer=256000000 --hiveconf hive.exec.reducers.max=1009 --hiveconf output_dir=hdfs:///flight-delay/results/output_benchmark_cluster/cluster_4core_all_datasets_mr_final/hive/analysis_3_7m_repeated_2 -f hive/analysis_3_airline_airport_ranking.sql,1,1738
2026-06-02T20:07:16.997310+00:00,cluster_4core_all_datasets_mr_final,hive,analysis_3,7m,repeated,3,7079081,1051181497,hdfs:///flight-delay/results/output_benchmark_cluster/cluster_4core_all_datasets_mr_final/hive/analysis_3_7m_repeated_3,123.5162,success,/home/hadoop/flight-delay-bigdata-project/results/benchmark_cluster/logs/cluster_4core_all_datasets_mr_final_hive_analysis_3_7m_repeated_3.log,beeline -u jdbc:hive2://localhost:10000/default --hiveconf hive.execution.engine=mr --hiveconf hive.exec.mode.local.auto=false --hiveconf hive.exec.reducers.bytes.per.reducer=256000000 --hiveconf hive.exec.reducers.max=1009 --hiveconf output_dir=hdfs:///flight-delay/results/output_benchmark_cluster/cluster_4core_all_datasets_mr_final/hive/analysis_3_7m_repeated_3 -f hive/analysis_3_airline_airport_ranking.sql,1,1738
2026-06-02T20:09:34.482086+00:00,cluster_4core_all_datasets_mr_final,hive,analysis_3,10m,repeated,1,10000000,1483850277,hdfs:///flight-delay/results/output_benchmark_cluster/cluster_4core_all_datasets_mr_final/hive/analysis_3_10m_repeated_1,132.9144,success,/home/hadoop/flight-delay-bigdata-project/results/benchmark_cluster/logs/cluster_4core_all_datasets_mr_final_hive_analysis_3_10m_repeated_1.log,beeline -u jdbc:hive2://localhost:10000/default --hiveconf hive.execution.engine=mr --hiveconf hive.exec.mode.local.auto=false --hiveconf hive.exec.reducers.bytes.per.reducer=256000000 --hiveconf hive.exec.reducers.max=1009 --hiveconf output_dir=hdfs:///flight-delay/results/output_benchmark_cluster/cluster_4core_all_datasets_mr_final/hive/analysis_3_10m_repeated_1 -f hive/analysis_3_airline_airport_ranking.sql,1,1738
2026-06-02T20:12:01.481463+00:00,cluster_4core_all_datasets_mr_final,hive,analysis_3,10m,repeated,2,10000000,1483850277,hdfs:///flight-delay/results/output_benchmark_cluster/cluster_4core_all_datasets_mr_final/hive/analysis_3_10m_repeated_2,131.9591,success,/home/hadoop/flight-delay-bigdata-project/results/benchmark_cluster/logs/cluster_4core_all_datasets_mr_final_hive_analysis_3_10m_repeated_2.log,beeline -u jdbc:hive2://localhost:10000/default --hiveconf hive.execution.engine=mr --hiveconf hive.exec.mode.local.auto=false --hiveconf hive.exec.reducers.bytes.per.reducer=256000000 --hiveconf hive.exec.reducers.max=1009 --hiveconf output_dir=hdfs:///flight-delay/results/output_benchmark_cluster/cluster_4core_all_datasets_mr_final/hive/analysis_3_10m_repeated_2 -f hive/analysis_3_airline_airport_ranking.sql,1,1738
2026-06-02T20:14:28.275505+00:00,cluster_4core_all_datasets_mr_final,hive,analysis_3,10m,repeated,3,10000000,1483850277,hdfs:///flight-delay/results/output_benchmark_cluster/cluster_4core_all_datasets_mr_final/hive/analysis_3_10m_repeated_3,134.9391,success,/home/hadoop/flight-delay-bigdata-project/results/benchmark_cluster/logs/cluster_4core_all_datasets_mr_final_hive_analysis_3_10m_repeated_3.log,beeline -u jdbc:hive2://localhost:10000/default --hiveconf hive.execution.engine=mr --hiveconf hive.exec.mode.local.auto=false --hiveconf hive.exec.reducers.bytes.per.reducer=256000000 --hiveconf hive.exec.reducers.max=1009 --hiveconf output_dir=hdfs:///flight-delay/results/output_benchmark_cluster/cluster_4core_all_datasets_mr_final/hive/analysis_3_10m_repeated_3 -f hive/analysis_3_airline_airport_ranking.sql,1,1738
2026-06-02T20:16:57.659184+00:00,cluster_4core_all_datasets_mr_final,hive,analysis_3,14m,repeated,1,14158162,2102362680,hdfs:///flight-delay/results/output_benchmark_cluster/cluster_4core_all_datasets_mr_final/hive/analysis_3_14m_repeated_1,158.8330,success,/home/hadoop/flight-delay-bigdata-project/results/benchmark_cluster/logs/cluster_4core_all_datasets_mr_final_hive_analysis_3_14m_repeated_1.log,beeline -u jdbc:hive2://localhost:10000/default --hiveconf hive.execution.engine=mr --hiveconf hive.exec.mode.local.auto=false --hiveconf hive.exec.reducers.bytes.per.reducer=256000000 --hiveconf hive.exec.reducers.max=1009 --hiveconf output_dir=hdfs:///flight-delay/results/output_benchmark_cluster/cluster_4core_all_datasets_mr_final/hive/analysis_3_14m_repeated_1 -f hive/analysis_3_airline_airport_ranking.sql,1,1738
2026-06-02T20:19:50.749133+00:00,cluster_4core_all_datasets_mr_final,hive,analysis_3,14m,repeated,2,14158162,2102362680,hdfs:///flight-delay/results/output_benchmark_cluster/cluster_4core_all_datasets_mr_final/hive/analysis_3_14m_repeated_2,161.7954,success,/home/hadoop/flight-delay-bigdata-project/results/benchmark_cluster/logs/cluster_4core_all_datasets_mr_final_hive_analysis_3_14m_repeated_2.log,beeline -u jdbc:hive2://localhost:10000/default --hiveconf hive.execution.engine=mr --hiveconf hive.exec.mode.local.auto=false --hiveconf hive.exec.reducers.bytes.per.reducer=256000000 --hiveconf hive.exec.reducers.max=1009 --hiveconf output_dir=hdfs:///flight-delay/results/output_benchmark_cluster/cluster_4core_all_datasets_mr_final/hive/analysis_3_14m_repeated_2 -f hive/analysis_3_airline_airport_ranking.sql,1,1738
2026-06-02T20:22:48.281328+00:00,cluster_4core_all_datasets_mr_final,hive,analysis_3,14m,repeated,3,14158162,2102362680,hdfs:///flight-delay/results/output_benchmark_cluster/cluster_4core_all_datasets_mr_final/hive/analysis_3_14m_repeated_3,156.0629,success,/home/hadoop/flight-delay-bigdata-project/results/benchmark_cluster/logs/cluster_4core_all_datasets_mr_final_hive_analysis_3_14m_repeated_3.log,beeline -u jdbc:hive2://localhost:10000/default --hiveconf hive.execution.engine=mr --hiveconf hive.exec.mode.local.auto=false --hiveconf hive.exec.reducers.bytes.per.reducer=256000000 --hiveconf hive.exec.reducers.max=1009 --hiveconf output_dir=hdfs:///flight-delay/results/output_benchmark_cluster/cluster_4core_all_datasets_mr_final/hive/analysis_3_14m_repeated_3 -f hive/analysis_3_airline_airport_ranking.sql,1,1738
2026-06-02T20:26:00.085842+00:00,cluster_4core_all_datasets_mr_final,spark_sql,analysis_1,100k,repeated,1,100000,14762421,hdfs:///flight-delay/results/output_benchmark_cluster/cluster_4core_all_datasets_mr_final/spark_sql/analysis_1_100k_repeated_1,25.1911,success,/home/hadoop/flight-delay-bigdata-project/results/benchmark_cluster/logs/cluster_4core_all_datasets_mr_final_spark_sql_analysis_1_100k_repeated_1.log,spark-submit --master yarn --deploy-mode client --driver-memory 5g --conf spark.sql.shuffle.partitions=64 spark_sql/analysis_1_airline_stats.py --input hdfs:///flight-delay-project/input/100k/flights.csv --output hdfs:///flight-delay/results/output_benchmark_cluster/cluster_4core_all_datasets_mr_final/spark_sql/analysis_1_100k_repeated_1,1,1485
2026-06-02T20:26:34.436861+00:00,cluster_4core_all_datasets_mr_final,spark_sql,analysis_1,100k,repeated,2,100000,14762421,hdfs:///flight-delay/results/output_benchmark_cluster/cluster_4core_all_datasets_mr_final/spark_sql/analysis_1_100k_repeated_2,25.7219,success,/home/hadoop/flight-delay-bigdata-project/results/benchmark_cluster/logs/cluster_4core_all_datasets_mr_final_spark_sql_analysis_1_100k_repeated_2.log,spark-submit --master yarn --deploy-mode client --driver-memory 5g --conf spark.sql.shuffle.partitions=64 spark_sql/analysis_1_airline_stats.py --input hdfs:///flight-delay-project/input/100k/flights.csv --output hdfs:///flight-delay/results/output_benchmark_cluster/cluster_4core_all_datasets_mr_final/spark_sql/analysis_1_100k_repeated_2,1,1485
2026-06-02T20:27:09.202454+00:00,cluster_4core_all_datasets_mr_final,spark_sql,analysis_1,100k,repeated,3,100000,14762421,hdfs:///flight-delay/results/output_benchmark_cluster/cluster_4core_all_datasets_mr_final/spark_sql/analysis_1_100k_repeated_3,25.2587,success,/home/hadoop/flight-delay-bigdata-project/results/benchmark_cluster/logs/cluster_4core_all_datasets_mr_final_spark_sql_analysis_1_100k_repeated_3.log,spark-submit --master yarn --deploy-mode client --driver-memory 5g --conf spark.sql.shuffle.partitions=64 spark_sql/analysis_1_airline_stats.py --input hdfs:///flight-delay-project/input/100k/flights.csv --output hdfs:///flight-delay/results/output_benchmark_cluster/cluster_4core_all_datasets_mr_final/spark_sql/analysis_1_100k_repeated_3,1,1485
2026-06-02T20:27:43.833338+00:00,cluster_4core_all_datasets_mr_final,spark_sql,analysis_1,500k,repeated,1,500000,73794240,hdfs:///flight-delay/results/output_benchmark_cluster/cluster_4core_all_datasets_mr_final/spark_sql/analysis_1_500k_repeated_1,28.0115,success,/home/hadoop/flight-delay-bigdata-project/results/benchmark_cluster/logs/cluster_4core_all_datasets_mr_final_spark_sql_analysis_1_500k_repeated_1.log,spark-submit --master yarn --deploy-mode client --driver-memory 5g --conf spark.sql.shuffle.partitions=64 spark_sql/analysis_1_airline_stats.py --input hdfs:///flight-delay-project/input/500k/flights.csv --output hdfs:///flight-delay/results/output_benchmark_cluster/cluster_4core_all_datasets_mr_final/spark_sql/analysis_1_500k_repeated_1,1,1564
2026-06-02T20:28:21.523833+00:00,cluster_4core_all_datasets_mr_final,spark_sql,analysis_1,500k,repeated,2,500000,73794240,hdfs:///flight-delay/results/output_benchmark_cluster/cluster_4core_all_datasets_mr_final/spark_sql/analysis_1_500k_repeated_2,26.9747,success,/home/hadoop/flight-delay-bigdata-project/results/benchmark_cluster/logs/cluster_4core_all_datasets_mr_final_spark_sql_analysis_1_500k_repeated_2.log,spark-submit --master yarn --deploy-mode client --driver-memory 5g --conf spark.sql.shuffle.partitions=64 spark_sql/analysis_1_airline_stats.py --input hdfs:///flight-delay-project/input/500k/flights.csv --output hdfs:///flight-delay/results/output_benchmark_cluster/cluster_4core_all_datasets_mr_final/spark_sql/analysis_1_500k_repeated_2,1,1564
2026-06-02T20:28:57.755465+00:00,cluster_4core_all_datasets_mr_final,spark_sql,analysis_1,500k,repeated,3,500000,73794240,hdfs:///flight-delay/results/output_benchmark_cluster/cluster_4core_all_datasets_mr_final/spark_sql/analysis_1_500k_repeated_3,27.4564,success,/home/hadoop/flight-delay-bigdata-project/results/benchmark_cluster/logs/cluster_4core_all_datasets_mr_final_spark_sql_analysis_1_500k_repeated_3.log,spark-submit --master yarn --deploy-mode client --driver-memory 5g --conf spark.sql.shuffle.partitions=64 spark_sql/analysis_1_airline_stats.py --input hdfs:///flight-delay-project/input/500k/flights.csv --output hdfs:///flight-delay/results/output_benchmark_cluster/cluster_4core_all_datasets_mr_final/spark_sql/analysis_1_500k_repeated_3,1,1564
2026-06-02T20:29:34.542758+00:00,cluster_4core_all_datasets_mr_final,spark_sql,analysis_1,1m,repeated,1,1000000,147935473,hdfs:///flight-delay/results/output_benchmark_cluster/cluster_4core_all_datasets_mr_final/spark_sql/analysis_1_1m_repeated_1,27.7910,success,/home/hadoop/flight-delay-bigdata-project/results/benchmark_cluster/logs/cluster_4core_all_datasets_mr_final_spark_sql_analysis_1_1m_repeated_1.log,spark-submit --master yarn --deploy-mode client --driver-memory 5g --conf spark.sql.shuffle.partitions=64 spark_sql/analysis_1_airline_stats.py --input hdfs:///flight-delay-project/input/1m/flights.csv --output hdfs:///flight-delay/results/output_benchmark_cluster/cluster_4core_all_datasets_mr_final/spark_sql/analysis_1_1m_repeated_1,1,1586
2026-06-02T20:30:11.689112+00:00,cluster_4core_all_datasets_mr_final,spark_sql,analysis_1,1m,repeated,2,1000000,147935473,hdfs:///flight-delay/results/output_benchmark_cluster/cluster_4core_all_datasets_mr_final/spark_sql/analysis_1_1m_repeated_2,27.2232,success,/home/hadoop/flight-delay-bigdata-project/results/benchmark_cluster/logs/cluster_4core_all_datasets_mr_final_spark_sql_analysis_1_1m_repeated_2.log,spark-submit --master yarn --deploy-mode client --driver-memory 5g --conf spark.sql.shuffle.partitions=64 spark_sql/analysis_1_airline_stats.py --input hdfs:///flight-delay-project/input/1m/flights.csv --output hdfs:///flight-delay/results/output_benchmark_cluster/cluster_4core_all_datasets_mr_final/spark_sql/analysis_1_1m_repeated_2,1,1586
2026-06-02T20:30:49.597335+00:00,cluster_4core_all_datasets_mr_final,spark_sql,analysis_1,1m,repeated,3,1000000,147935473,hdfs:///flight-delay/results/output_benchmark_cluster/cluster_4core_all_datasets_mr_final/spark_sql/analysis_1_1m_repeated_3,27.0961,success,/home/hadoop/flight-delay-bigdata-project/results/benchmark_cluster/logs/cluster_4core_all_datasets_mr_final_spark_sql_analysis_1_1m_repeated_3.log,spark-submit --master yarn --deploy-mode client --driver-memory 5g --conf spark.sql.shuffle.partitions=64 spark_sql/analysis_1_airline_stats.py --input hdfs:///flight-delay-project/input/1m/flights.csv --output hdfs:///flight-delay/results/output_benchmark_cluster/cluster_4core_all_datasets_mr_final/spark_sql/analysis_1_1m_repeated_3,1,1586
2026-06-02T20:31:26.588913+00:00,cluster_4core_all_datasets_mr_final,spark_sql,analysis_1,3m,repeated,1,3000000,444331337,hdfs:///flight-delay/results/output_benchmark_cluster/cluster_4core_all_datasets_mr_final/spark_sql/analysis_1_3m_repeated_1,30.8123,success,/home/hadoop/flight-delay-bigdata-project/results/benchmark_cluster/logs/cluster_4core_all_datasets_mr_final_spark_sql_analysis_1_3m_repeated_1.log,spark-submit --master yarn --deploy-mode client --driver-memory 5g --conf spark.sql.shuffle.partitions=64 spark_sql/analysis_1_airline_stats.py --input hdfs:///flight-delay-project/input/3m/flights.csv --output hdfs:///flight-delay/results/output_benchmark_cluster/cluster_4core_all_datasets_mr_final/spark_sql/analysis_1_3m_repeated_1,1,1682
2026-06-02T20:32:06.681569+00:00,cluster_4core_all_datasets_mr_final,spark_sql,analysis_1,3m,repeated,2,3000000,444331337,hdfs:///flight-delay/results/output_benchmark_cluster/cluster_4core_all_datasets_mr_final/spark_sql/analysis_1_3m_repeated_2,29.7175,success,/home/hadoop/flight-delay-bigdata-project/results/benchmark_cluster/logs/cluster_4core_all_datasets_mr_final_spark_sql_analysis_1_3m_repeated_2.log,spark-submit --master yarn --deploy-mode client --driver-memory 5g --conf spark.sql.shuffle.partitions=64 spark_sql/analysis_1_airline_stats.py --input hdfs:///flight-delay-project/input/3m/flights.csv --output hdfs:///flight-delay/results/output_benchmark_cluster/cluster_4core_all_datasets_mr_final/spark_sql/analysis_1_3m_repeated_2,1,1682
2026-06-02T20:32:45.418443+00:00,cluster_4core_all_datasets_mr_final,spark_sql,analysis_1,3m,repeated,3,3000000,444331337,hdfs:///flight-delay/results/output_benchmark_cluster/cluster_4core_all_datasets_mr_final/spark_sql/analysis_1_3m_repeated_3,30.9112,success,/home/hadoop/flight-delay-bigdata-project/results/benchmark_cluster/logs/cluster_4core_all_datasets_mr_final_spark_sql_analysis_1_3m_repeated_3.log,spark-submit --master yarn --deploy-mode client --driver-memory 5g --conf spark.sql.shuffle.partitions=64 spark_sql/analysis_1_airline_stats.py --input hdfs:///flight-delay-project/input/3m/flights.csv --output hdfs:///flight-delay/results/output_benchmark_cluster/cluster_4core_all_datasets_mr_final/spark_sql/analysis_1_3m_repeated_3,1,1682
2026-06-02T20:33:26.683685+00:00,cluster_4core_all_datasets_mr_final,spark_sql,analysis_1,7m,repeated,1,7079081,1051181497,hdfs:///flight-delay/results/output_benchmark_cluster/cluster_4core_all_datasets_mr_final/spark_sql/analysis_1_7m_repeated_1,31.2701,success,/home/hadoop/flight-delay-bigdata-project/results/benchmark_cluster/logs/cluster_4core_all_datasets_mr_final_spark_sql_analysis_1_7m_repeated_1.log,spark-submit --master yarn --deploy-mode client --driver-memory 5g --conf spark.sql.shuffle.partitions=64 spark_sql/analysis_1_airline_stats.py --input hdfs:///flight-delay-project/input/7m/flights.csv --output hdfs:///flight-delay/results/output_benchmark_cluster/cluster_4core_all_datasets_mr_final/spark_sql/analysis_1_7m_repeated_1,1,1738
2026-06-02T20:34:07.772150+00:00,cluster_4core_all_datasets_mr_final,spark_sql,analysis_1,7m,repeated,2,7079081,1051181497,hdfs:///flight-delay/results/output_benchmark_cluster/cluster_4core_all_datasets_mr_final/spark_sql/analysis_1_7m_repeated_2,31.2931,success,/home/hadoop/flight-delay-bigdata-project/results/benchmark_cluster/logs/cluster_4core_all_datasets_mr_final_spark_sql_analysis_1_7m_repeated_2.log,spark-submit --master yarn --deploy-mode client --driver-memory 5g --conf spark.sql.shuffle.partitions=64 spark_sql/analysis_1_airline_stats.py --input hdfs:///flight-delay-project/input/7m/flights.csv --output hdfs:///flight-delay/results/output_benchmark_cluster/cluster_4core_all_datasets_mr_final/spark_sql/analysis_1_7m_repeated_2,1,1738
2026-06-02T20:34:49.342080+00:00,cluster_4core_all_datasets_mr_final,spark_sql,analysis_1,7m,repeated,3,7079081,1051181497,hdfs:///flight-delay/results/output_benchmark_cluster/cluster_4core_all_datasets_mr_final/spark_sql/analysis_1_7m_repeated_3,32.4028,success,/home/hadoop/flight-delay-bigdata-project/results/benchmark_cluster/logs/cluster_4core_all_datasets_mr_final_spark_sql_analysis_1_7m_repeated_3.log,spark-submit --master yarn --deploy-mode client --driver-memory 5g --conf spark.sql.shuffle.partitions=64 spark_sql/analysis_1_airline_stats.py --input hdfs:///flight-delay-project/input/7m/flights.csv --output hdfs:///flight-delay/results/output_benchmark_cluster/cluster_4core_all_datasets_mr_final/spark_sql/analysis_1_7m_repeated_3,3,1738
2026-06-02T20:35:30.887500+00:00,cluster_4core_all_datasets_mr_final,spark_sql,analysis_1,10m,repeated,1,10000000,1483850277,hdfs:///flight-delay/results/output_benchmark_cluster/cluster_4core_all_datasets_mr_final/spark_sql/analysis_1_10m_repeated_1,33.5118,success,/home/hadoop/flight-delay-bigdata-project/results/benchmark_cluster/logs/cluster_4core_all_datasets_mr_final_spark_sql_analysis_1_10m_repeated_1.log,spark-submit --master yarn --deploy-mode client --driver-memory 5g --conf spark.sql.shuffle.partitions=64 spark_sql/analysis_1_airline_stats.py --input hdfs:///flight-delay-project/input/10m/flights.csv --output hdfs:///flight-delay/results/output_benchmark_cluster/cluster_4core_all_datasets_mr_final/spark_sql/analysis_1_10m_repeated_1,2,1738
2026-06-02T20:36:13.809810+00:00,cluster_4core_all_datasets_mr_final,spark_sql,analysis_1,10m,repeated,2,10000000,1483850277,hdfs:///flight-delay/results/output_benchmark_cluster/cluster_4core_all_datasets_mr_final/spark_sql/analysis_1_10m_repeated_2,34.0577,success,/home/hadoop/flight-delay-bigdata-project/results/benchmark_cluster/logs/cluster_4core_all_datasets_mr_final_spark_sql_analysis_1_10m_repeated_2.log,spark-submit --master yarn --deploy-mode client --driver-memory 5g --conf spark.sql.shuffle.partitions=64 spark_sql/analysis_1_airline_stats.py --input hdfs:///flight-delay-project/input/10m/flights.csv --output hdfs:///flight-delay/results/output_benchmark_cluster/cluster_4core_all_datasets_mr_final/spark_sql/analysis_1_10m_repeated_2,2,1738
2026-06-02T20:36:57.193867+00:00,cluster_4core_all_datasets_mr_final,spark_sql,analysis_1,10m,repeated,3,10000000,1483850277,hdfs:///flight-delay/results/output_benchmark_cluster/cluster_4core_all_datasets_mr_final/spark_sql/analysis_1_10m_repeated_3,35.6601,success,/home/hadoop/flight-delay-bigdata-project/results/benchmark_cluster/logs/cluster_4core_all_datasets_mr_final_spark_sql_analysis_1_10m_repeated_3.log,spark-submit --master yarn --deploy-mode client --driver-memory 5g --conf spark.sql.shuffle.partitions=64 spark_sql/analysis_1_airline_stats.py --input hdfs:///flight-delay-project/input/10m/flights.csv --output hdfs:///flight-delay/results/output_benchmark_cluster/cluster_4core_all_datasets_mr_final/spark_sql/analysis_1_10m_repeated_3,3,1738
2026-06-02T20:37:42.229563+00:00,cluster_4core_all_datasets_mr_final,spark_sql,analysis_1,14m,repeated,1,14158162,2102362680,hdfs:///flight-delay/results/output_benchmark_cluster/cluster_4core_all_datasets_mr_final/spark_sql/analysis_1_14m_repeated_1,35.2977,success,/home/hadoop/flight-delay-bigdata-project/results/benchmark_cluster/logs/cluster_4core_all_datasets_mr_final_spark_sql_analysis_1_14m_repeated_1.log,spark-submit --master yarn --deploy-mode client --driver-memory 5g --conf spark.sql.shuffle.partitions=64 spark_sql/analysis_1_airline_stats.py --input hdfs:///flight-delay-project/input/14m/flights.csv --output hdfs:///flight-delay/results/output_benchmark_cluster/cluster_4core_all_datasets_mr_final/spark_sql/analysis_1_14m_repeated_1,3,1738
2026-06-02T20:38:26.884955+00:00,cluster_4core_all_datasets_mr_final,spark_sql,analysis_1,14m,repeated,2,14158162,2102362680,hdfs:///flight-delay/results/output_benchmark_cluster/cluster_4core_all_datasets_mr_final/spark_sql/analysis_1_14m_repeated_2,35.5989,success,/home/hadoop/flight-delay-bigdata-project/results/benchmark_cluster/logs/cluster_4core_all_datasets_mr_final_spark_sql_analysis_1_14m_repeated_2.log,spark-submit --master yarn --deploy-mode client --driver-memory 5g --conf spark.sql.shuffle.partitions=64 spark_sql/analysis_1_airline_stats.py --input hdfs:///flight-delay-project/input/14m/flights.csv --output hdfs:///flight-delay/results/output_benchmark_cluster/cluster_4core_all_datasets_mr_final/spark_sql/analysis_1_14m_repeated_2,3,1738
2026-06-02T20:39:12.314017+00:00,cluster_4core_all_datasets_mr_final,spark_sql,analysis_1,14m,repeated,3,14158162,2102362680,hdfs:///flight-delay/results/output_benchmark_cluster/cluster_4core_all_datasets_mr_final/spark_sql/analysis_1_14m_repeated_3,37.4884,success,/home/hadoop/flight-delay-bigdata-project/results/benchmark_cluster/logs/cluster_4core_all_datasets_mr_final_spark_sql_analysis_1_14m_repeated_3.log,spark-submit --master yarn --deploy-mode client --driver-memory 5g --conf spark.sql.shuffle.partitions=64 spark_sql/analysis_1_airline_stats.py --input hdfs:///flight-delay-project/input/14m/flights.csv --output hdfs:///flight-delay/results/output_benchmark_cluster/cluster_4core_all_datasets_mr_final/spark_sql/analysis_1_14m_repeated_3,3,1738
2026-06-02T20:40:00.297875+00:00,cluster_4core_all_datasets_mr_final,spark_sql,analysis_2,100k,repeated,1,100000,14762421,hdfs:///flight-delay/results/output_benchmark_cluster/cluster_4core_all_datasets_mr_final/spark_sql/analysis_2_100k_repeated_1,27.6717,success,/home/hadoop/flight-delay-bigdata-project/results/benchmark_cluster/logs/cluster_4core_all_datasets_mr_final_spark_sql_analysis_2_100k_repeated_1.log,spark-submit --master yarn --deploy-mode client --driver-memory 5g --conf spark.sql.shuffle.partitions=64 spark_sql/analysis_2_airport_month_delay_report.py --input hdfs:///flight-delay-project/input/100k/flights.csv --output hdfs:///flight-delay/results/output_benchmark_cluster/cluster_4core_all_datasets_mr_final/spark_sql/analysis_2_100k_repeated_1,1,847
2026-06-02T20:40:37.571373+00:00,cluster_4core_all_datasets_mr_final,spark_sql,analysis_2,100k,repeated,2,100000,14762421,hdfs:///flight-delay/results/output_benchmark_cluster/cluster_4core_all_datasets_mr_final/spark_sql/analysis_2_100k_repeated_2,28.2925,success,/home/hadoop/flight-delay-bigdata-project/results/benchmark_cluster/logs/cluster_4core_all_datasets_mr_final_spark_sql_analysis_2_100k_repeated_2.log,spark-submit --master yarn --deploy-mode client --driver-memory 5g --conf spark.sql.shuffle.partitions=64 spark_sql/analysis_2_airport_month_delay_report.py --input hdfs:///flight-delay-project/input/100k/flights.csv --output hdfs:///flight-delay/results/output_benchmark_cluster/cluster_4core_all_datasets_mr_final/spark_sql/analysis_2_100k_repeated_2,1,847
2026-06-02T20:41:15.305605+00:00,cluster_4core_all_datasets_mr_final,spark_sql,analysis_2,100k,repeated,3,100000,14762421,hdfs:///flight-delay/results/output_benchmark_cluster/cluster_4core_all_datasets_mr_final/spark_sql/analysis_2_100k_repeated_3,27.5018,success,/home/hadoop/flight-delay-bigdata-project/results/benchmark_cluster/logs/cluster_4core_all_datasets_mr_final_spark_sql_analysis_2_100k_repeated_3.log,spark-submit --master yarn --deploy-mode client --driver-memory 5g --conf spark.sql.shuffle.partitions=64 spark_sql/analysis_2_airport_month_delay_report.py --input hdfs:///flight-delay-project/input/100k/flights.csv --output hdfs:///flight-delay/results/output_benchmark_cluster/cluster_4core_all_datasets_mr_final/spark_sql/analysis_2_100k_repeated_3,1,847
2026-06-02T20:41:51.881991+00:00,cluster_4core_all_datasets_mr_final,spark_sql,analysis_2,500k,repeated,1,500000,73794240,hdfs:///flight-delay/results/output_benchmark_cluster/cluster_4core_all_datasets_mr_final/spark_sql/analysis_2_500k_repeated_1,30.4760,success,/home/hadoop/flight-delay-bigdata-project/results/benchmark_cluster/logs/cluster_4core_all_datasets_mr_final_spark_sql_analysis_2_500k_repeated_1.log,spark-submit --master yarn --deploy-mode client --driver-memory 5g --conf spark.sql.shuffle.partitions=64 spark_sql/analysis_2_airport_month_delay_report.py --input hdfs:///flight-delay-project/input/500k/flights.csv --output hdfs:///flight-delay/results/output_benchmark_cluster/cluster_4core_all_datasets_mr_final/spark_sql/analysis_2_500k_repeated_1,1,992
2026-06-02T20:42:31.455093+00:00,cluster_4core_all_datasets_mr_final,spark_sql,analysis_2,500k,repeated,2,500000,73794240,hdfs:///flight-delay/results/output_benchmark_cluster/cluster_4core_all_datasets_mr_final/spark_sql/analysis_2_500k_repeated_2,28.8985,success,/home/hadoop/flight-delay-bigdata-project/results/benchmark_cluster/logs/cluster_4core_all_datasets_mr_final_spark_sql_analysis_2_500k_repeated_2.log,spark-submit --master yarn --deploy-mode client --driver-memory 5g --conf spark.sql.shuffle.partitions=64 spark_sql/analysis_2_airport_month_delay_report.py --input hdfs:///flight-delay-project/input/500k/flights.csv --output hdfs:///flight-delay/results/output_benchmark_cluster/cluster_4core_all_datasets_mr_final/spark_sql/analysis_2_500k_repeated_2,1,992
2026-06-02T20:43:12.202412+00:00,cluster_4core_all_datasets_mr_final,spark_sql,analysis_2,500k,repeated,3,500000,73794240,hdfs:///flight-delay/results/output_benchmark_cluster/cluster_4core_all_datasets_mr_final/spark_sql/analysis_2_500k_repeated_3,28.4313,success,/home/hadoop/flight-delay-bigdata-project/results/benchmark_cluster/logs/cluster_4core_all_datasets_mr_final_spark_sql_analysis_2_500k_repeated_3.log,spark-submit --master yarn --deploy-mode client --driver-memory 5g --conf spark.sql.shuffle.partitions=64 spark_sql/analysis_2_airport_month_delay_report.py --input hdfs:///flight-delay-project/input/500k/flights.csv --output hdfs:///flight-delay/results/output_benchmark_cluster/cluster_4core_all_datasets_mr_final/spark_sql/analysis_2_500k_repeated_3,1,992
2026-06-02T20:43:50.020774+00:00,cluster_4core_all_datasets_mr_final,spark_sql,analysis_2,1m,repeated,1,1000000,147935473,hdfs:///flight-delay/results/output_benchmark_cluster/cluster_4core_all_datasets_mr_final/spark_sql/analysis_2_1m_repeated_1,29.7648,success,/home/hadoop/flight-delay-bigdata-project/results/benchmark_cluster/logs/cluster_4core_all_datasets_mr_final_spark_sql_analysis_2_1m_repeated_1.log,spark-submit --master yarn --deploy-mode client --driver-memory 5g --conf spark.sql.shuffle.partitions=64 spark_sql/analysis_2_airport_month_delay_report.py --input hdfs:///flight-delay-project/input/1m/flights.csv --output hdfs:///flight-delay/results/output_benchmark_cluster/cluster_4core_all_datasets_mr_final/spark_sql/analysis_2_1m_repeated_1,1,1959
2026-06-02T20:44:29.143246+00:00,cluster_4core_all_datasets_mr_final,spark_sql,analysis_2,1m,repeated,2,1000000,147935473,hdfs:///flight-delay/results/output_benchmark_cluster/cluster_4core_all_datasets_mr_final/spark_sql/analysis_2_1m_repeated_2,30.7687,success,/home/hadoop/flight-delay-bigdata-project/results/benchmark_cluster/logs/cluster_4core_all_datasets_mr_final_spark_sql_analysis_2_1m_repeated_2.log,spark-submit --master yarn --deploy-mode client --driver-memory 5g --conf spark.sql.shuffle.partitions=64 spark_sql/analysis_2_airport_month_delay_report.py --input hdfs:///flight-delay-project/input/1m/flights.csv --output hdfs:///flight-delay/results/output_benchmark_cluster/cluster_4core_all_datasets_mr_final/spark_sql/analysis_2_1m_repeated_2,1,1959
2026-06-02T20:45:11.286564+00:00,cluster_4core_all_datasets_mr_final,spark_sql,analysis_2,1m,repeated,3,1000000,147935473,hdfs:///flight-delay/results/output_benchmark_cluster/cluster_4core_all_datasets_mr_final/spark_sql/analysis_2_1m_repeated_3,28.2024,success,/home/hadoop/flight-delay-bigdata-project/results/benchmark_cluster/logs/cluster_4core_all_datasets_mr_final_spark_sql_analysis_2_1m_repeated_3.log,spark-submit --master yarn --deploy-mode client --driver-memory 5g --conf spark.sql.shuffle.partitions=64 spark_sql/analysis_2_airport_month_delay_report.py --input hdfs:///flight-delay-project/input/1m/flights.csv --output hdfs:///flight-delay/results/output_benchmark_cluster/cluster_4core_all_datasets_mr_final/spark_sql/analysis_2_1m_repeated_3,1,1959
2026-06-02T20:45:49.238532+00:00,cluster_4core_all_datasets_mr_final,spark_sql,analysis_2,3m,repeated,1,3000000,444331337,hdfs:///flight-delay/results/output_benchmark_cluster/cluster_4core_all_datasets_mr_final/spark_sql/analysis_2_3m_repeated_1,30.8673,success,/home/hadoop/flight-delay-bigdata-project/results/benchmark_cluster/logs/cluster_4core_all_datasets_mr_final_spark_sql_analysis_2_3m_repeated_1.log,spark-submit --master yarn --deploy-mode client --driver-memory 5g --conf spark.sql.shuffle.partitions=64 spark_sql/analysis_2_airport_month_delay_report.py --input hdfs:///flight-delay-project/input/3m/flights.csv --output hdfs:///flight-delay/results/output_benchmark_cluster/cluster_4core_all_datasets_mr_final/spark_sql/analysis_2_3m_repeated_1,1,5830
2026-06-02T20:46:29.545134+00:00,cluster_4core_all_datasets_mr_final,spark_sql,analysis_2,3m,repeated,2,3000000,444331337,hdfs:///flight-delay/results/output_benchmark_cluster/cluster_4core_all_datasets_mr_final/spark_sql/analysis_2_3m_repeated_2,33.3103,success,/home/hadoop/flight-delay-bigdata-project/results/benchmark_cluster/logs/cluster_4core_all_datasets_mr_final_spark_sql_analysis_2_3m_repeated_2.log,spark-submit --master yarn --deploy-mode client --driver-memory 5g --conf spark.sql.shuffle.partitions=64 spark_sql/analysis_2_airport_month_delay_report.py --input hdfs:///flight-delay-project/input/3m/flights.csv --output hdfs:///flight-delay/results/output_benchmark_cluster/cluster_4core_all_datasets_mr_final/spark_sql/analysis_2_3m_repeated_2,1,5830
2026-06-02T20:47:12.281974+00:00,cluster_4core_all_datasets_mr_final,spark_sql,analysis_2,3m,repeated,3,3000000,444331337,hdfs:///flight-delay/results/output_benchmark_cluster/cluster_4core_all_datasets_mr_final/spark_sql/analysis_2_3m_repeated_3,30.5191,success,/home/hadoop/flight-delay-bigdata-project/results/benchmark_cluster/logs/cluster_4core_all_datasets_mr_final_spark_sql_analysis_2_3m_repeated_3.log,spark-submit --master yarn --deploy-mode client --driver-memory 5g --conf spark.sql.shuffle.partitions=64 spark_sql/analysis_2_airport_month_delay_report.py --input hdfs:///flight-delay-project/input/3m/flights.csv --output hdfs:///flight-delay/results/output_benchmark_cluster/cluster_4core_all_datasets_mr_final/spark_sql/analysis_2_3m_repeated_3,1,5830
2026-06-02T20:47:52.007881+00:00,cluster_4core_all_datasets_mr_final,spark_sql,analysis_2,7m,repeated,1,7079081,1051181497,hdfs:///flight-delay/results/output_benchmark_cluster/cluster_4core_all_datasets_mr_final/spark_sql/analysis_2_7m_repeated_1,35.5785,success,/home/hadoop/flight-delay-bigdata-project/results/benchmark_cluster/logs/cluster_4core_all_datasets_mr_final_spark_sql_analysis_2_7m_repeated_1.log,spark-submit --master yarn --deploy-mode client --driver-memory 5g --conf spark.sql.shuffle.partitions=64 spark_sql/analysis_2_airport_month_delay_report.py --input hdfs:///flight-delay-project/input/7m/flights.csv --output hdfs:///flight-delay/results/output_benchmark_cluster/cluster_4core_all_datasets_mr_final/spark_sql/analysis_2_7m_repeated_1,2,11902
2026-06-02T20:48:36.955074+00:00,cluster_4core_all_datasets_mr_final,spark_sql,analysis_2,7m,repeated,2,7079081,1051181497,hdfs:///flight-delay/results/output_benchmark_cluster/cluster_4core_all_datasets_mr_final/spark_sql/analysis_2_7m_repeated_2,31.2267,success,/home/hadoop/flight-delay-bigdata-project/results/benchmark_cluster/logs/cluster_4core_all_datasets_mr_final_spark_sql_analysis_2_7m_repeated_2.log,spark-submit --master yarn --deploy-mode client --driver-memory 5g --conf spark.sql.shuffle.partitions=64 spark_sql/analysis_2_airport_month_delay_report.py --input hdfs:///flight-delay-project/input/7m/flights.csv --output hdfs:///flight-delay/results/output_benchmark_cluster/cluster_4core_all_datasets_mr_final/spark_sql/analysis_2_7m_repeated_2,1,11902
2026-06-02T20:49:17.460229+00:00,cluster_4core_all_datasets_mr_final,spark_sql,analysis_2,7m,repeated,3,7079081,1051181497,hdfs:///flight-delay/results/output_benchmark_cluster/cluster_4core_all_datasets_mr_final/spark_sql/analysis_2_7m_repeated_3,33.1024,success,/home/hadoop/flight-delay-bigdata-project/results/benchmark_cluster/logs/cluster_4core_all_datasets_mr_final_spark_sql_analysis_2_7m_repeated_3.log,spark-submit --master yarn --deploy-mode client --driver-memory 5g --conf spark.sql.shuffle.partitions=64 spark_sql/analysis_2_airport_month_delay_report.py --input hdfs:///flight-delay-project/input/7m/flights.csv --output hdfs:///flight-delay/results/output_benchmark_cluster/cluster_4core_all_datasets_mr_final/spark_sql/analysis_2_7m_repeated_3,2,11902
2026-06-02T20:50:00.843972+00:00,cluster_4core_all_datasets_mr_final,spark_sql,analysis_2,10m,repeated,1,10000000,1483850277,hdfs:///flight-delay/results/output_benchmark_cluster/cluster_4core_all_datasets_mr_final/spark_sql/analysis_2_10m_repeated_1,36.0723,success,/home/hadoop/flight-delay-bigdata-project/results/benchmark_cluster/logs/cluster_4core_all_datasets_mr_final_spark_sql_analysis_2_10m_repeated_1.log,spark-submit --master yarn --deploy-mode client --driver-memory 5g --conf spark.sql.shuffle.partitions=64 spark_sql/analysis_2_airport_month_delay_report.py --input hdfs:///flight-delay-project/input/10m/flights.csv --output hdfs:///flight-delay/results/output_benchmark_cluster/cluster_4core_all_datasets_mr_final/spark_sql/analysis_2_10m_repeated_1,2,11902
2026-06-02T20:50:47.680647+00:00,cluster_4core_all_datasets_mr_final,spark_sql,analysis_2,10m,repeated,2,10000000,1483850277,hdfs:///flight-delay/results/output_benchmark_cluster/cluster_4core_all_datasets_mr_final/spark_sql/analysis_2_10m_repeated_2,33.5005,success,/home/hadoop/flight-delay-bigdata-project/results/benchmark_cluster/logs/cluster_4core_all_datasets_mr_final_spark_sql_analysis_2_10m_repeated_2.log,spark-submit --master yarn --deploy-mode client --driver-memory 5g --conf spark.sql.shuffle.partitions=64 spark_sql/analysis_2_airport_month_delay_report.py --input hdfs:///flight-delay-project/input/10m/flights.csv --output hdfs:///flight-delay/results/output_benchmark_cluster/cluster_4core_all_datasets_mr_final/spark_sql/analysis_2_10m_repeated_2,2,11902
2026-06-02T20:51:31.451560+00:00,cluster_4core_all_datasets_mr_final,spark_sql,analysis_2,10m,repeated,3,10000000,1483850277,hdfs:///flight-delay/results/output_benchmark_cluster/cluster_4core_all_datasets_mr_final/spark_sql/analysis_2_10m_repeated_3,35.2121,success,/home/hadoop/flight-delay-bigdata-project/results/benchmark_cluster/logs/cluster_4core_all_datasets_mr_final_spark_sql_analysis_2_10m_repeated_3.log,spark-submit --master yarn --deploy-mode client --driver-memory 5g --conf spark.sql.shuffle.partitions=64 spark_sql/analysis_2_airport_month_delay_report.py --input hdfs:///flight-delay-project/input/10m/flights.csv --output hdfs:///flight-delay/results/output_benchmark_cluster/cluster_4core_all_datasets_mr_final/spark_sql/analysis_2_10m_repeated_3,2,11902
2026-06-02T20:52:16.049963+00:00,cluster_4core_all_datasets_mr_final,spark_sql,analysis_2,14m,repeated,1,14158162,2102362680,hdfs:///flight-delay/results/output_benchmark_cluster/cluster_4core_all_datasets_mr_final/spark_sql/analysis_2_14m_repeated_1,34.3576,success,/home/hadoop/flight-delay-bigdata-project/results/benchmark_cluster/logs/cluster_4core_all_datasets_mr_final_spark_sql_analysis_2_14m_repeated_1.log,spark-submit --master yarn --deploy-mode client --driver-memory 5g --conf spark.sql.shuffle.partitions=64 spark_sql/analysis_2_airport_month_delay_report.py --input hdfs:///flight-delay-project/input/14m/flights.csv --output hdfs:///flight-delay/results/output_benchmark_cluster/cluster_4core_all_datasets_mr_final/spark_sql/analysis_2_14m_repeated_1,3,11902
2026-06-02T20:52:59.856330+00:00,cluster_4core_all_datasets_mr_final,spark_sql,analysis_2,14m,repeated,2,14158162,2102362680,hdfs:///flight-delay/results/output_benchmark_cluster/cluster_4core_all_datasets_mr_final/spark_sql/analysis_2_14m_repeated_2,37.6472,success,/home/hadoop/flight-delay-bigdata-project/results/benchmark_cluster/logs/cluster_4core_all_datasets_mr_final_spark_sql_analysis_2_14m_repeated_2.log,spark-submit --master yarn --deploy-mode client --driver-memory 5g --conf spark.sql.shuffle.partitions=64 spark_sql/analysis_2_airport_month_delay_report.py --input hdfs:///flight-delay-project/input/14m/flights.csv --output hdfs:///flight-delay/results/output_benchmark_cluster/cluster_4core_all_datasets_mr_final/spark_sql/analysis_2_14m_repeated_2,3,11902
2026-06-02T20:53:47.069266+00:00,cluster_4core_all_datasets_mr_final,spark_sql,analysis_2,14m,repeated,3,14158162,2102362680,hdfs:///flight-delay/results/output_benchmark_cluster/cluster_4core_all_datasets_mr_final/spark_sql/analysis_2_14m_repeated_3,34.4530,success,/home/hadoop/flight-delay-bigdata-project/results/benchmark_cluster/logs/cluster_4core_all_datasets_mr_final_spark_sql_analysis_2_14m_repeated_3.log,spark-submit --master yarn --deploy-mode client --driver-memory 5g --conf spark.sql.shuffle.partitions=64 spark_sql/analysis_2_airport_month_delay_report.py --input hdfs:///flight-delay-project/input/14m/flights.csv --output hdfs:///flight-delay/results/output_benchmark_cluster/cluster_4core_all_datasets_mr_final/spark_sql/analysis_2_14m_repeated_3,3,11902
2026-06-02T20:54:31.032143+00:00,cluster_4core_all_datasets_mr_final,spark_sql,analysis_3,100k,repeated,1,100000,14762421,hdfs:///flight-delay/results/output_benchmark_cluster/cluster_4core_all_datasets_mr_final/spark_sql/analysis_3_100k_repeated_1,26.5778,success,/home/hadoop/flight-delay-bigdata-project/results/benchmark_cluster/logs/cluster_4core_all_datasets_mr_final_spark_sql_analysis_3_100k_repeated_1.log,spark-submit --master yarn --deploy-mode client --driver-memory 5g --conf spark.sql.shuffle.partitions=64 spark_sql/analysis_3_airline_airport_ranking.py --input hdfs:///flight-delay-project/input/100k/flights.csv --output hdfs:///flight-delay/results/output_benchmark_cluster/cluster_4core_all_datasets_mr_final/spark_sql/analysis_3_100k_repeated_1,1,1485
2026-06-02T20:55:07.094596+00:00,cluster_4core_all_datasets_mr_final,spark_sql,analysis_3,100k,repeated,2,100000,14762421,hdfs:///flight-delay/results/output_benchmark_cluster/cluster_4core_all_datasets_mr_final/spark_sql/analysis_3_100k_repeated_2,25.6196,success,/home/hadoop/flight-delay-bigdata-project/results/benchmark_cluster/logs/cluster_4core_all_datasets_mr_final_spark_sql_analysis_3_100k_repeated_2.log,spark-submit --master yarn --deploy-mode client --driver-memory 5g --conf spark.sql.shuffle.partitions=64 spark_sql/analysis_3_airline_airport_ranking.py --input hdfs:///flight-delay-project/input/100k/flights.csv --output hdfs:///flight-delay/results/output_benchmark_cluster/cluster_4core_all_datasets_mr_final/spark_sql/analysis_3_100k_repeated_2,1,1485
2026-06-02T20:55:41.898081+00:00,cluster_4core_all_datasets_mr_final,spark_sql,analysis_3,100k,repeated,3,100000,14762421,hdfs:///flight-delay/results/output_benchmark_cluster/cluster_4core_all_datasets_mr_final/spark_sql/analysis_3_100k_repeated_3,25.7190,success,/home/hadoop/flight-delay-bigdata-project/results/benchmark_cluster/logs/cluster_4core_all_datasets_mr_final_spark_sql_analysis_3_100k_repeated_3.log,spark-submit --master yarn --deploy-mode client --driver-memory 5g --conf spark.sql.shuffle.partitions=64 spark_sql/analysis_3_airline_airport_ranking.py --input hdfs:///flight-delay-project/input/100k/flights.csv --output hdfs:///flight-delay/results/output_benchmark_cluster/cluster_4core_all_datasets_mr_final/spark_sql/analysis_3_100k_repeated_3,1,1485
2026-06-02T20:56:16.740083+00:00,cluster_4core_all_datasets_mr_final,spark_sql,analysis_3,500k,repeated,1,500000,73794240,hdfs:///flight-delay/results/output_benchmark_cluster/cluster_4core_all_datasets_mr_final/spark_sql/analysis_3_500k_repeated_1,26.2641,success,/home/hadoop/flight-delay-bigdata-project/results/benchmark_cluster/logs/cluster_4core_all_datasets_mr_final_spark_sql_analysis_3_500k_repeated_1.log,spark-submit --master yarn --deploy-mode client --driver-memory 5g --conf spark.sql.shuffle.partitions=64 spark_sql/analysis_3_airline_airport_ranking.py --input hdfs:///flight-delay-project/input/500k/flights.csv --output hdfs:///flight-delay/results/output_benchmark_cluster/cluster_4core_all_datasets_mr_final/spark_sql/analysis_3_500k_repeated_1,1,1564
2026-06-02T20:56:51.971216+00:00,cluster_4core_all_datasets_mr_final,spark_sql,analysis_3,500k,repeated,2,500000,73794240,hdfs:///flight-delay/results/output_benchmark_cluster/cluster_4core_all_datasets_mr_final/spark_sql/analysis_3_500k_repeated_2,28.4795,success,/home/hadoop/flight-delay-bigdata-project/results/benchmark_cluster/logs/cluster_4core_all_datasets_mr_final_spark_sql_analysis_3_500k_repeated_2.log,spark-submit --master yarn --deploy-mode client --driver-memory 5g --conf spark.sql.shuffle.partitions=64 spark_sql/analysis_3_airline_airport_ranking.py --input hdfs:///flight-delay-project/input/500k/flights.csv --output hdfs:///flight-delay/results/output_benchmark_cluster/cluster_4core_all_datasets_mr_final/spark_sql/analysis_3_500k_repeated_2,1,1564
2026-06-02T20:57:29.524473+00:00,cluster_4core_all_datasets_mr_final,spark_sql,analysis_3,500k,repeated,3,500000,73794240,hdfs:///flight-delay/results/output_benchmark_cluster/cluster_4core_all_datasets_mr_final/spark_sql/analysis_3_500k_repeated_3,27.2529,success,/home/hadoop/flight-delay-bigdata-project/results/benchmark_cluster/logs/cluster_4core_all_datasets_mr_final_spark_sql_analysis_3_500k_repeated_3.log,spark-submit --master yarn --deploy-mode client --driver-memory 5g --conf spark.sql.shuffle.partitions=64 spark_sql/analysis_3_airline_airport_ranking.py --input hdfs:///flight-delay-project/input/500k/flights.csv --output hdfs:///flight-delay/results/output_benchmark_cluster/cluster_4core_all_datasets_mr_final/spark_sql/analysis_3_500k_repeated_3,1,1564
2026-06-02T20:58:06.003878+00:00,cluster_4core_all_datasets_mr_final,spark_sql,analysis_3,1m,repeated,1,1000000,147935473,hdfs:///flight-delay/results/output_benchmark_cluster/cluster_4core_all_datasets_mr_final/spark_sql/analysis_3_1m_repeated_1,28.5900,success,/home/hadoop/flight-delay-bigdata-project/results/benchmark_cluster/logs/cluster_4core_all_datasets_mr_final_spark_sql_analysis_3_1m_repeated_1.log,spark-submit --master yarn --deploy-mode client --driver-memory 5g --conf spark.sql.shuffle.partitions=64 spark_sql/analysis_3_airline_airport_ranking.py --input hdfs:///flight-delay-project/input/1m/flights.csv --output hdfs:///flight-delay/results/output_benchmark_cluster/cluster_4core_all_datasets_mr_final/spark_sql/analysis_3_1m_repeated_1,1,1586
2026-06-02T20:58:43.936072+00:00,cluster_4core_all_datasets_mr_final,spark_sql,analysis_3,1m,repeated,2,1000000,147935473,hdfs:///flight-delay/results/output_benchmark_cluster/cluster_4core_all_datasets_mr_final/spark_sql/analysis_3_1m_repeated_2,26.7366,success,/home/hadoop/flight-delay-bigdata-project/results/benchmark_cluster/logs/cluster_4core_all_datasets_mr_final_spark_sql_analysis_3_1m_repeated_2.log,spark-submit --master yarn --deploy-mode client --driver-memory 5g --conf spark.sql.shuffle.partitions=64 spark_sql/analysis_3_airline_airport_ranking.py --input hdfs:///flight-delay-project/input/1m/flights.csv --output hdfs:///flight-delay/results/output_benchmark_cluster/cluster_4core_all_datasets_mr_final/spark_sql/analysis_3_1m_repeated_2,1,1586
2026-06-02T20:59:21.902066+00:00,cluster_4core_all_datasets_mr_final,spark_sql,analysis_3,1m,repeated,3,1000000,147935473,hdfs:///flight-delay/results/output_benchmark_cluster/cluster_4core_all_datasets_mr_final/spark_sql/analysis_3_1m_repeated_3,26.9286,success,/home/hadoop/flight-delay-bigdata-project/results/benchmark_cluster/logs/cluster_4core_all_datasets_mr_final_spark_sql_analysis_3_1m_repeated_3.log,spark-submit --master yarn --deploy-mode client --driver-memory 5g --conf spark.sql.shuffle.partitions=64 spark_sql/analysis_3_airline_airport_ranking.py --input hdfs:///flight-delay-project/input/1m/flights.csv --output hdfs:///flight-delay/results/output_benchmark_cluster/cluster_4core_all_datasets_mr_final/spark_sql/analysis_3_1m_repeated_3,1,1586
2026-06-02T20:59:58.902667+00:00,cluster_4core_all_datasets_mr_final,spark_sql,analysis_3,3m,repeated,1,3000000,444331337,hdfs:///flight-delay/results/output_benchmark_cluster/cluster_4core_all_datasets_mr_final/spark_sql/analysis_3_3m_repeated_1,28.4382,success,/home/hadoop/flight-delay-bigdata-project/results/benchmark_cluster/logs/cluster_4core_all_datasets_mr_final_spark_sql_analysis_3_3m_repeated_1.log,spark-submit --master yarn --deploy-mode client --driver-memory 5g --conf spark.sql.shuffle.partitions=64 spark_sql/analysis_3_airline_airport_ranking.py --input hdfs:///flight-delay-project/input/3m/flights.csv --output hdfs:///flight-delay/results/output_benchmark_cluster/cluster_4core_all_datasets_mr_final/spark_sql/analysis_3_3m_repeated_1,1,1682
2026-06-02T21:00:36.724907+00:00,cluster_4core_all_datasets_mr_final,spark_sql,analysis_3,3m,repeated,2,3000000,444331337,hdfs:///flight-delay/results/output_benchmark_cluster/cluster_4core_all_datasets_mr_final/spark_sql/analysis_3_3m_repeated_2,28.9211,success,/home/hadoop/flight-delay-bigdata-project/results/benchmark_cluster/logs/cluster_4core_all_datasets_mr_final_spark_sql_analysis_3_3m_repeated_2.log,spark-submit --master yarn --deploy-mode client --driver-memory 5g --conf spark.sql.shuffle.partitions=64 spark_sql/analysis_3_airline_airport_ranking.py --input hdfs:///flight-delay-project/input/3m/flights.csv --output hdfs:///flight-delay/results/output_benchmark_cluster/cluster_4core_all_datasets_mr_final/spark_sql/analysis_3_3m_repeated_2,1,1682
2026-06-02T21:01:15.128788+00:00,cluster_4core_all_datasets_mr_final,spark_sql,analysis_3,3m,repeated,3,3000000,444331337,hdfs:///flight-delay/results/output_benchmark_cluster/cluster_4core_all_datasets_mr_final/spark_sql/analysis_3_3m_repeated_3,29.0175,success,/home/hadoop/flight-delay-bigdata-project/results/benchmark_cluster/logs/cluster_4core_all_datasets_mr_final_spark_sql_analysis_3_3m_repeated_3.log,spark-submit --master yarn --deploy-mode client --driver-memory 5g --conf spark.sql.shuffle.partitions=64 spark_sql/analysis_3_airline_airport_ranking.py --input hdfs:///flight-delay-project/input/3m/flights.csv --output hdfs:///flight-delay/results/output_benchmark_cluster/cluster_4core_all_datasets_mr_final/spark_sql/analysis_3_3m_repeated_3,1,1682
2026-06-02T21:01:53.705231+00:00,cluster_4core_all_datasets_mr_final,spark_sql,analysis_3,7m,repeated,1,7079081,1051181497,hdfs:///flight-delay/results/output_benchmark_cluster/cluster_4core_all_datasets_mr_final/spark_sql/analysis_3_7m_repeated_1,30.7975,success,/home/hadoop/flight-delay-bigdata-project/results/benchmark_cluster/logs/cluster_4core_all_datasets_mr_final_spark_sql_analysis_3_7m_repeated_1.log,spark-submit --master yarn --deploy-mode client --driver-memory 5g --conf spark.sql.shuffle.partitions=64 spark_sql/analysis_3_airline_airport_ranking.py --input hdfs:///flight-delay-project/input/7m/flights.csv --output hdfs:///flight-delay/results/output_benchmark_cluster/cluster_4core_all_datasets_mr_final/spark_sql/analysis_3_7m_repeated_1,1,1738
2026-06-02T21:02:33.696288+00:00,cluster_4core_all_datasets_mr_final,spark_sql,analysis_3,7m,repeated,2,7079081,1051181497,hdfs:///flight-delay/results/output_benchmark_cluster/cluster_4core_all_datasets_mr_final/spark_sql/analysis_3_7m_repeated_2,31.2251,success,/home/hadoop/flight-delay-bigdata-project/results/benchmark_cluster/logs/cluster_4core_all_datasets_mr_final_spark_sql_analysis_3_7m_repeated_2.log,spark-submit --master yarn --deploy-mode client --driver-memory 5g --conf spark.sql.shuffle.partitions=64 spark_sql/analysis_3_airline_airport_ranking.py --input hdfs:///flight-delay-project/input/7m/flights.csv --output hdfs:///flight-delay/results/output_benchmark_cluster/cluster_4core_all_datasets_mr_final/spark_sql/analysis_3_7m_repeated_2,1,1738
2026-06-02T21:03:14.258721+00:00,cluster_4core_all_datasets_mr_final,spark_sql,analysis_3,7m,repeated,3,7079081,1051181497,hdfs:///flight-delay/results/output_benchmark_cluster/cluster_4core_all_datasets_mr_final/spark_sql/analysis_3_7m_repeated_3,30.8550,success,/home/hadoop/flight-delay-bigdata-project/results/benchmark_cluster/logs/cluster_4core_all_datasets_mr_final_spark_sql_analysis_3_7m_repeated_3.log,spark-submit --master yarn --deploy-mode client --driver-memory 5g --conf spark.sql.shuffle.partitions=64 spark_sql/analysis_3_airline_airport_ranking.py --input hdfs:///flight-delay-project/input/7m/flights.csv --output hdfs:///flight-delay/results/output_benchmark_cluster/cluster_4core_all_datasets_mr_final/spark_sql/analysis_3_7m_repeated_3,1,1738
2026-06-02T21:03:55.819426+00:00,cluster_4core_all_datasets_mr_final,spark_sql,analysis_3,10m,repeated,1,10000000,1483850277,hdfs:///flight-delay/results/output_benchmark_cluster/cluster_4core_all_datasets_mr_final/spark_sql/analysis_3_10m_repeated_1,31.1471,success,/home/hadoop/flight-delay-bigdata-project/results/benchmark_cluster/logs/cluster_4core_all_datasets_mr_final_spark_sql_analysis_3_10m_repeated_1.log,spark-submit --master yarn --deploy-mode client --driver-memory 5g --conf spark.sql.shuffle.partitions=64 spark_sql/analysis_3_airline_airport_ranking.py --input hdfs:///flight-delay-project/input/10m/flights.csv --output hdfs:///flight-delay/results/output_benchmark_cluster/cluster_4core_all_datasets_mr_final/spark_sql/analysis_3_10m_repeated_1,1,1738
2026-06-02T21:04:36.518877+00:00,cluster_4core_all_datasets_mr_final,spark_sql,analysis_3,10m,repeated,2,10000000,1483850277,hdfs:///flight-delay/results/output_benchmark_cluster/cluster_4core_all_datasets_mr_final/spark_sql/analysis_3_10m_repeated_2,32.9162,success,/home/hadoop/flight-delay-bigdata-project/results/benchmark_cluster/logs/cluster_4core_all_datasets_mr_final_spark_sql_analysis_3_10m_repeated_2.log,spark-submit --master yarn --deploy-mode client --driver-memory 5g --conf spark.sql.shuffle.partitions=64 spark_sql/analysis_3_airline_airport_ranking.py --input hdfs:///flight-delay-project/input/10m/flights.csv --output hdfs:///flight-delay/results/output_benchmark_cluster/cluster_4core_all_datasets_mr_final/spark_sql/analysis_3_10m_repeated_2,1,1738
2026-06-02T21:05:19.255537+00:00,cluster_4core_all_datasets_mr_final,spark_sql,analysis_3,10m,repeated,3,10000000,1483850277,hdfs:///flight-delay/results/output_benchmark_cluster/cluster_4core_all_datasets_mr_final/spark_sql/analysis_3_10m_repeated_3,31.3677,success,/home/hadoop/flight-delay-bigdata-project/results/benchmark_cluster/logs/cluster_4core_all_datasets_mr_final_spark_sql_analysis_3_10m_repeated_3.log,spark-submit --master yarn --deploy-mode client --driver-memory 5g --conf spark.sql.shuffle.partitions=64 spark_sql/analysis_3_airline_airport_ranking.py --input hdfs:///flight-delay-project/input/10m/flights.csv --output hdfs:///flight-delay/results/output_benchmark_cluster/cluster_4core_all_datasets_mr_final/spark_sql/analysis_3_10m_repeated_3,1,1738
2026-06-02T21:06:00.467121+00:00,cluster_4core_all_datasets_mr_final,spark_sql,analysis_3,14m,repeated,1,14158162,2102362680,hdfs:///flight-delay/results/output_benchmark_cluster/cluster_4core_all_datasets_mr_final/spark_sql/analysis_3_14m_repeated_1,34.6227,success,/home/hadoop/flight-delay-bigdata-project/results/benchmark_cluster/logs/cluster_4core_all_datasets_mr_final_spark_sql_analysis_3_14m_repeated_1.log,spark-submit --master yarn --deploy-mode client --driver-memory 5g --conf spark.sql.shuffle.partitions=64 spark_sql/analysis_3_airline_airport_ranking.py --input hdfs:///flight-delay-project/input/14m/flights.csv --output hdfs:///flight-delay/results/output_benchmark_cluster/cluster_4core_all_datasets_mr_final/spark_sql/analysis_3_14m_repeated_1,1,1738
2026-06-02T21:06:46.076582+00:00,cluster_4core_all_datasets_mr_final,spark_sql,analysis_3,14m,repeated,2,14158162,2102362680,hdfs:///flight-delay/results/output_benchmark_cluster/cluster_4core_all_datasets_mr_final/spark_sql/analysis_3_14m_repeated_2,33.9978,success,/home/hadoop/flight-delay-bigdata-project/results/benchmark_cluster/logs/cluster_4core_all_datasets_mr_final_spark_sql_analysis_3_14m_repeated_2.log,spark-submit --master yarn --deploy-mode client --driver-memory 5g --conf spark.sql.shuffle.partitions=64 spark_sql/analysis_3_airline_airport_ranking.py --input hdfs:///flight-delay-project/input/14m/flights.csv --output hdfs:///flight-delay/results/output_benchmark_cluster/cluster_4core_all_datasets_mr_final/spark_sql/analysis_3_14m_repeated_2,1,1738
2026-06-02T21:07:29.850409+00:00,cluster_4core_all_datasets_mr_final,spark_sql,analysis_3,14m,repeated,3,14158162,2102362680,hdfs:///flight-delay/results/output_benchmark_cluster/cluster_4core_all_datasets_mr_final/spark_sql/analysis_3_14m_repeated_3,34.0035,success,/home/hadoop/flight-delay-bigdata-project/results/benchmark_cluster/logs/cluster_4core_all_datasets_mr_final_spark_sql_analysis_3_14m_repeated_3.log,spark-submit --master yarn --deploy-mode client --driver-memory 5g --conf spark.sql.shuffle.partitions=64 spark_sql/analysis_3_airline_airport_ranking.py --input hdfs:///flight-delay-project/input/14m/flights.csv --output hdfs:///flight-delay/results/output_benchmark_cluster/cluster_4core_all_datasets_mr_final/spark_sql/analysis_3_14m_repeated_3,1,1738
2026-06-02T21:08:33.911092+00:00,cluster_4core_all_datasets_mr_final,spark_core,analysis_1,100k,repeated,1,100000,14762421,hdfs:///flight-delay/results/output_benchmark_cluster/cluster_4core_all_datasets_mr_final/spark_core/analysis_1_100k_repeated_1,29.3598,success,/home/hadoop/flight-delay-bigdata-project/results/benchmark_cluster/logs/cluster_4core_all_datasets_mr_final_spark_core_analysis_1_100k_repeated_1.log,spark-submit --master yarn --deploy-mode client --driver-memory 5g spark_core/analysis_1_airline_stats.py --input hdfs:///flight-delay-project/input/100k/flights.csv --output hdfs:///flight-delay/results/output_benchmark_cluster/cluster_4core_all_datasets_mr_final/spark_core/analysis_1_100k_repeated_1,18,1485
2026-06-02T21:09:13.540034+00:00,cluster_4core_all_datasets_mr_final,spark_core,analysis_1,100k,repeated,2,100000,14762421,hdfs:///flight-delay/results/output_benchmark_cluster/cluster_4core_all_datasets_mr_final/spark_core/analysis_1_100k_repeated_2,27.0820,success,/home/hadoop/flight-delay-bigdata-project/results/benchmark_cluster/logs/cluster_4core_all_datasets_mr_final_spark_core_analysis_1_100k_repeated_2.log,spark-submit --master yarn --deploy-mode client --driver-memory 5g spark_core/analysis_1_airline_stats.py --input hdfs:///flight-delay-project/input/100k/flights.csv --output hdfs:///flight-delay/results/output_benchmark_cluster/cluster_4core_all_datasets_mr_final/spark_core/analysis_1_100k_repeated_2,18,1485
2026-06-02T21:09:49.872993+00:00,cluster_4core_all_datasets_mr_final,spark_core,analysis_1,100k,repeated,3,100000,14762421,hdfs:///flight-delay/results/output_benchmark_cluster/cluster_4core_all_datasets_mr_final/spark_core/analysis_1_100k_repeated_3,29.0851,success,/home/hadoop/flight-delay-bigdata-project/results/benchmark_cluster/logs/cluster_4core_all_datasets_mr_final_spark_core_analysis_1_100k_repeated_3.log,spark-submit --master yarn --deploy-mode client --driver-memory 5g spark_core/analysis_1_airline_stats.py --input hdfs:///flight-delay-project/input/100k/flights.csv --output hdfs:///flight-delay/results/output_benchmark_cluster/cluster_4core_all_datasets_mr_final/spark_core/analysis_1_100k_repeated_3,18,1485
2026-06-02T21:10:29.999480+00:00,cluster_4core_all_datasets_mr_final,spark_core,analysis_1,500k,repeated,1,500000,73794240,hdfs:///flight-delay/results/output_benchmark_cluster/cluster_4core_all_datasets_mr_final/spark_core/analysis_1_500k_repeated_1,28.3216,success,/home/hadoop/flight-delay-bigdata-project/results/benchmark_cluster/logs/cluster_4core_all_datasets_mr_final_spark_core_analysis_1_500k_repeated_1.log,spark-submit --master yarn --deploy-mode client --driver-memory 5g spark_core/analysis_1_airline_stats.py --input hdfs:///flight-delay-project/input/500k/flights.csv --output hdfs:///flight-delay/results/output_benchmark_cluster/cluster_4core_all_datasets_mr_final/spark_core/analysis_1_500k_repeated_1,18,1564
2026-06-02T21:11:07.865187+00:00,cluster_4core_all_datasets_mr_final,spark_core,analysis_1,500k,repeated,2,500000,73794240,hdfs:///flight-delay/results/output_benchmark_cluster/cluster_4core_all_datasets_mr_final/spark_core/analysis_1_500k_repeated_2,29.4484,success,/home/hadoop/flight-delay-bigdata-project/results/benchmark_cluster/logs/cluster_4core_all_datasets_mr_final_spark_core_analysis_1_500k_repeated_2.log,spark-submit --master yarn --deploy-mode client --driver-memory 5g spark_core/analysis_1_airline_stats.py --input hdfs:///flight-delay-project/input/500k/flights.csv --output hdfs:///flight-delay/results/output_benchmark_cluster/cluster_4core_all_datasets_mr_final/spark_core/analysis_1_500k_repeated_2,18,1564
2026-06-02T21:11:46.440013+00:00,cluster_4core_all_datasets_mr_final,spark_core,analysis_1,500k,repeated,3,500000,73794240,hdfs:///flight-delay/results/output_benchmark_cluster/cluster_4core_all_datasets_mr_final/spark_core/analysis_1_500k_repeated_3,29.5608,success,/home/hadoop/flight-delay-bigdata-project/results/benchmark_cluster/logs/cluster_4core_all_datasets_mr_final_spark_core_analysis_1_500k_repeated_3.log,spark-submit --master yarn --deploy-mode client --driver-memory 5g spark_core/analysis_1_airline_stats.py --input hdfs:///flight-delay-project/input/500k/flights.csv --output hdfs:///flight-delay/results/output_benchmark_cluster/cluster_4core_all_datasets_mr_final/spark_core/analysis_1_500k_repeated_3,18,1564
2026-06-02T21:12:25.690902+00:00,cluster_4core_all_datasets_mr_final,spark_core,analysis_1,1m,repeated,1,1000000,147935473,hdfs:///flight-delay/results/output_benchmark_cluster/cluster_4core_all_datasets_mr_final/spark_core/analysis_1_1m_repeated_1,31.4180,success,/home/hadoop/flight-delay-bigdata-project/results/benchmark_cluster/logs/cluster_4core_all_datasets_mr_final_spark_core_analysis_1_1m_repeated_1.log,spark-submit --master yarn --deploy-mode client --driver-memory 5g spark_core/analysis_1_airline_stats.py --input hdfs:///flight-delay-project/input/1m/flights.csv --output hdfs:///flight-delay/results/output_benchmark_cluster/cluster_4core_all_datasets_mr_final/spark_core/analysis_1_1m_repeated_1,18,1586
2026-06-02T21:13:06.910580+00:00,cluster_4core_all_datasets_mr_final,spark_core,analysis_1,1m,repeated,2,1000000,147935473,hdfs:///flight-delay/results/output_benchmark_cluster/cluster_4core_all_datasets_mr_final/spark_core/analysis_1_1m_repeated_2,30.6421,success,/home/hadoop/flight-delay-bigdata-project/results/benchmark_cluster/logs/cluster_4core_all_datasets_mr_final_spark_core_analysis_1_1m_repeated_2.log,spark-submit --master yarn --deploy-mode client --driver-memory 5g spark_core/analysis_1_airline_stats.py --input hdfs:///flight-delay-project/input/1m/flights.csv --output hdfs:///flight-delay/results/output_benchmark_cluster/cluster_4core_all_datasets_mr_final/spark_core/analysis_1_1m_repeated_2,18,1586
2026-06-02T21:13:48.415579+00:00,cluster_4core_all_datasets_mr_final,spark_core,analysis_1,1m,repeated,3,1000000,147935473,hdfs:///flight-delay/results/output_benchmark_cluster/cluster_4core_all_datasets_mr_final/spark_core/analysis_1_1m_repeated_3,31.0350,success,/home/hadoop/flight-delay-bigdata-project/results/benchmark_cluster/logs/cluster_4core_all_datasets_mr_final_spark_core_analysis_1_1m_repeated_3.log,spark-submit --master yarn --deploy-mode client --driver-memory 5g spark_core/analysis_1_airline_stats.py --input hdfs:///flight-delay-project/input/1m/flights.csv --output hdfs:///flight-delay/results/output_benchmark_cluster/cluster_4core_all_datasets_mr_final/spark_core/analysis_1_1m_repeated_3,18,1586
2026-06-02T21:14:28.618794+00:00,cluster_4core_all_datasets_mr_final,spark_core,analysis_1,3m,repeated,1,3000000,444331337,hdfs:///flight-delay/results/output_benchmark_cluster/cluster_4core_all_datasets_mr_final/spark_core/analysis_1_3m_repeated_1,33.6253,success,/home/hadoop/flight-delay-bigdata-project/results/benchmark_cluster/logs/cluster_4core_all_datasets_mr_final_spark_core_analysis_1_3m_repeated_1.log,spark-submit --master yarn --deploy-mode client --driver-memory 5g spark_core/analysis_1_airline_stats.py --input hdfs:///flight-delay-project/input/3m/flights.csv --output hdfs:///flight-delay/results/output_benchmark_cluster/cluster_4core_all_datasets_mr_final/spark_core/analysis_1_3m_repeated_1,20,1682
2026-06-02T21:15:11.763649+00:00,cluster_4core_all_datasets_mr_final,spark_core,analysis_1,3m,repeated,2,3000000,444331337,hdfs:///flight-delay/results/output_benchmark_cluster/cluster_4core_all_datasets_mr_final/spark_core/analysis_1_3m_repeated_2,35.1071,success,/home/hadoop/flight-delay-bigdata-project/results/benchmark_cluster/logs/cluster_4core_all_datasets_mr_final_spark_core_analysis_1_3m_repeated_2.log,spark-submit --master yarn --deploy-mode client --driver-memory 5g spark_core/analysis_1_airline_stats.py --input hdfs:///flight-delay-project/input/3m/flights.csv --output hdfs:///flight-delay/results/output_benchmark_cluster/cluster_4core_all_datasets_mr_final/spark_core/analysis_1_3m_repeated_2,20,1682
2026-06-02T21:15:56.382150+00:00,cluster_4core_all_datasets_mr_final,spark_core,analysis_1,3m,repeated,3,3000000,444331337,hdfs:///flight-delay/results/output_benchmark_cluster/cluster_4core_all_datasets_mr_final/spark_core/analysis_1_3m_repeated_3,34.1052,success,/home/hadoop/flight-delay-bigdata-project/results/benchmark_cluster/logs/cluster_4core_all_datasets_mr_final_spark_core_analysis_1_3m_repeated_3.log,spark-submit --master yarn --deploy-mode client --driver-memory 5g spark_core/analysis_1_airline_stats.py --input hdfs:///flight-delay-project/input/3m/flights.csv --output hdfs:///flight-delay/results/output_benchmark_cluster/cluster_4core_all_datasets_mr_final/spark_core/analysis_1_3m_repeated_3,20,1682
2026-06-02T21:16:39.850131+00:00,cluster_4core_all_datasets_mr_final,spark_core,analysis_1,7m,repeated,1,7079081,1051181497,hdfs:///flight-delay/results/output_benchmark_cluster/cluster_4core_all_datasets_mr_final/spark_core/analysis_1_7m_repeated_1,40.5641,success,/home/hadoop/flight-delay-bigdata-project/results/benchmark_cluster/logs/cluster_4core_all_datasets_mr_final_spark_core_analysis_1_7m_repeated_1.log,spark-submit --master yarn --deploy-mode client --driver-memory 5g spark_core/analysis_1_airline_stats.py --input hdfs:///flight-delay-project/input/7m/flights.csv --output hdfs:///flight-delay/results/output_benchmark_cluster/cluster_4core_all_datasets_mr_final/spark_core/analysis_1_7m_repeated_1,24,1738
2026-06-02T21:17:29.792359+00:00,cluster_4core_all_datasets_mr_final,spark_core,analysis_1,7m,repeated,2,7079081,1051181497,hdfs:///flight-delay/results/output_benchmark_cluster/cluster_4core_all_datasets_mr_final/spark_core/analysis_1_7m_repeated_2,40.4059,success,/home/hadoop/flight-delay-bigdata-project/results/benchmark_cluster/logs/cluster_4core_all_datasets_mr_final_spark_core_analysis_1_7m_repeated_2.log,spark-submit --master yarn --deploy-mode client --driver-memory 5g spark_core/analysis_1_airline_stats.py --input hdfs:///flight-delay-project/input/7m/flights.csv --output hdfs:///flight-delay/results/output_benchmark_cluster/cluster_4core_all_datasets_mr_final/spark_core/analysis_1_7m_repeated_2,24,1738
2026-06-02T21:18:20.664498+00:00,cluster_4core_all_datasets_mr_final,spark_core,analysis_1,7m,repeated,3,7079081,1051181497,hdfs:///flight-delay/results/output_benchmark_cluster/cluster_4core_all_datasets_mr_final/spark_core/analysis_1_7m_repeated_3,40.6848,success,/home/hadoop/flight-delay-bigdata-project/results/benchmark_cluster/logs/cluster_4core_all_datasets_mr_final_spark_core_analysis_1_7m_repeated_3.log,spark-submit --master yarn --deploy-mode client --driver-memory 5g spark_core/analysis_1_airline_stats.py --input hdfs:///flight-delay-project/input/7m/flights.csv --output hdfs:///flight-delay/results/output_benchmark_cluster/cluster_4core_all_datasets_mr_final/spark_core/analysis_1_7m_repeated_3,24,1738
2026-06-02T21:19:10.763032+00:00,cluster_4core_all_datasets_mr_final,spark_core,analysis_1,10m,repeated,1,10000000,1483850277,hdfs:///flight-delay/results/output_benchmark_cluster/cluster_4core_all_datasets_mr_final/spark_core/analysis_1_10m_repeated_1,50.5081,success,/home/hadoop/flight-delay-bigdata-project/results/benchmark_cluster/logs/cluster_4core_all_datasets_mr_final_spark_core_analysis_1_10m_repeated_1.log,spark-submit --master yarn --deploy-mode client --driver-memory 5g spark_core/analysis_1_airline_stats.py --input hdfs:///flight-delay-project/input/10m/flights.csv --output hdfs:///flight-delay/results/output_benchmark_cluster/cluster_4core_all_datasets_mr_final/spark_core/analysis_1_10m_repeated_1,27,1738
2026-06-02T21:20:10.673201+00:00,cluster_4core_all_datasets_mr_final,spark_core,analysis_1,10m,repeated,2,10000000,1483850277,hdfs:///flight-delay/results/output_benchmark_cluster/cluster_4core_all_datasets_mr_final/spark_core/analysis_1_10m_repeated_2,52.3445,success,/home/hadoop/flight-delay-bigdata-project/results/benchmark_cluster/logs/cluster_4core_all_datasets_mr_final_spark_core_analysis_1_10m_repeated_2.log,spark-submit --master yarn --deploy-mode client --driver-memory 5g spark_core/analysis_1_airline_stats.py --input hdfs:///flight-delay-project/input/10m/flights.csv --output hdfs:///flight-delay/results/output_benchmark_cluster/cluster_4core_all_datasets_mr_final/spark_core/analysis_1_10m_repeated_2,27,1738
2026-06-02T21:21:12.207041+00:00,cluster_4core_all_datasets_mr_final,spark_core,analysis_1,10m,repeated,3,10000000,1483850277,hdfs:///flight-delay/results/output_benchmark_cluster/cluster_4core_all_datasets_mr_final/spark_core/analysis_1_10m_repeated_3,53.9005,success,/home/hadoop/flight-delay-bigdata-project/results/benchmark_cluster/logs/cluster_4core_all_datasets_mr_final_spark_core_analysis_1_10m_repeated_3.log,spark-submit --master yarn --deploy-mode client --driver-memory 5g spark_core/analysis_1_airline_stats.py --input hdfs:///flight-delay-project/input/10m/flights.csv --output hdfs:///flight-delay/results/output_benchmark_cluster/cluster_4core_all_datasets_mr_final/spark_core/analysis_1_10m_repeated_3,27,1738
2026-06-02T21:22:15.464351+00:00,cluster_4core_all_datasets_mr_final,spark_core,analysis_1,14m,repeated,1,14158162,2102362680,hdfs:///flight-delay/results/output_benchmark_cluster/cluster_4core_all_datasets_mr_final/spark_core/analysis_1_14m_repeated_1,57.4815,success,/home/hadoop/flight-delay-bigdata-project/results/benchmark_cluster/logs/cluster_4core_all_datasets_mr_final_spark_core_analysis_1_14m_repeated_1.log,spark-submit --master yarn --deploy-mode client --driver-memory 5g spark_core/analysis_1_airline_stats.py --input hdfs:///flight-delay-project/input/14m/flights.csv --output hdfs:///flight-delay/results/output_benchmark_cluster/cluster_4core_all_datasets_mr_final/spark_core/analysis_1_14m_repeated_1,32,1738
2026-06-02T21:23:22.235060+00:00,cluster_4core_all_datasets_mr_final,spark_core,analysis_1,14m,repeated,2,14158162,2102362680,hdfs:///flight-delay/results/output_benchmark_cluster/cluster_4core_all_datasets_mr_final/spark_core/analysis_1_14m_repeated_2,55.6971,success,/home/hadoop/flight-delay-bigdata-project/results/benchmark_cluster/logs/cluster_4core_all_datasets_mr_final_spark_core_analysis_1_14m_repeated_2.log,spark-submit --master yarn --deploy-mode client --driver-memory 5g spark_core/analysis_1_airline_stats.py --input hdfs:///flight-delay-project/input/14m/flights.csv --output hdfs:///flight-delay/results/output_benchmark_cluster/cluster_4core_all_datasets_mr_final/spark_core/analysis_1_14m_repeated_2,32,1738
2026-06-02T21:24:27.211928+00:00,cluster_4core_all_datasets_mr_final,spark_core,analysis_1,14m,repeated,3,14158162,2102362680,hdfs:///flight-delay/results/output_benchmark_cluster/cluster_4core_all_datasets_mr_final/spark_core/analysis_1_14m_repeated_3,54.2514,success,/home/hadoop/flight-delay-bigdata-project/results/benchmark_cluster/logs/cluster_4core_all_datasets_mr_final_spark_core_analysis_1_14m_repeated_3.log,spark-submit --master yarn --deploy-mode client --driver-memory 5g spark_core/analysis_1_airline_stats.py --input hdfs:///flight-delay-project/input/14m/flights.csv --output hdfs:///flight-delay/results/output_benchmark_cluster/cluster_4core_all_datasets_mr_final/spark_core/analysis_1_14m_repeated_3,32,1738
2026-06-02T21:25:31.886806+00:00,cluster_4core_all_datasets_mr_final,spark_core,analysis_2,100k,repeated,1,100000,14762421,hdfs:///flight-delay/results/output_benchmark_cluster/cluster_4core_all_datasets_mr_final/spark_core/analysis_2_100k_repeated_1,27.4896,success,/home/hadoop/flight-delay-bigdata-project/results/benchmark_cluster/logs/cluster_4core_all_datasets_mr_final_spark_core_analysis_2_100k_repeated_1.log,spark-submit --master yarn --deploy-mode client --driver-memory 5g spark_core/analysis_2_airport_month_delay_report.py --input hdfs:///flight-delay-project/input/100k/flights.csv --output hdfs:///flight-delay/results/output_benchmark_cluster/cluster_4core_all_datasets_mr_final/spark_core/analysis_2_100k_repeated_1,18,847
2026-06-02T21:26:08.714078+00:00,cluster_4core_all_datasets_mr_final,spark_core,analysis_2,100k,repeated,2,100000,14762421,hdfs:///flight-delay/results/output_benchmark_cluster/cluster_4core_all_datasets_mr_final/spark_core/analysis_2_100k_repeated_2,26.9651,success,/home/hadoop/flight-delay-bigdata-project/results/benchmark_cluster/logs/cluster_4core_all_datasets_mr_final_spark_core_analysis_2_100k_repeated_2.log,spark-submit --master yarn --deploy-mode client --driver-memory 5g spark_core/analysis_2_airport_month_delay_report.py --input hdfs:///flight-delay-project/input/100k/flights.csv --output hdfs:///flight-delay/results/output_benchmark_cluster/cluster_4core_all_datasets_mr_final/spark_core/analysis_2_100k_repeated_2,18,847
2026-06-02T21:26:44.968600+00:00,cluster_4core_all_datasets_mr_final,spark_core,analysis_2,100k,repeated,3,100000,14762421,hdfs:///flight-delay/results/output_benchmark_cluster/cluster_4core_all_datasets_mr_final/spark_core/analysis_2_100k_repeated_3,26.5034,success,/home/hadoop/flight-delay-bigdata-project/results/benchmark_cluster/logs/cluster_4core_all_datasets_mr_final_spark_core_analysis_2_100k_repeated_3.log,spark-submit --master yarn --deploy-mode client --driver-memory 5g spark_core/analysis_2_airport_month_delay_report.py --input hdfs:///flight-delay-project/input/100k/flights.csv --output hdfs:///flight-delay/results/output_benchmark_cluster/cluster_4core_all_datasets_mr_final/spark_core/analysis_2_100k_repeated_3,18,847
2026-06-02T21:27:20.535114+00:00,cluster_4core_all_datasets_mr_final,spark_core,analysis_2,500k,repeated,1,500000,73794240,hdfs:///flight-delay/results/output_benchmark_cluster/cluster_4core_all_datasets_mr_final/spark_core/analysis_2_500k_repeated_1,30.2710,success,/home/hadoop/flight-delay-bigdata-project/results/benchmark_cluster/logs/cluster_4core_all_datasets_mr_final_spark_core_analysis_2_500k_repeated_1.log,spark-submit --master yarn --deploy-mode client --driver-memory 5g spark_core/analysis_2_airport_month_delay_report.py --input hdfs:///flight-delay-project/input/500k/flights.csv --output hdfs:///flight-delay/results/output_benchmark_cluster/cluster_4core_all_datasets_mr_final/spark_core/analysis_2_500k_repeated_1,18,992
2026-06-02T21:27:59.528037+00:00,cluster_4core_all_datasets_mr_final,spark_core,analysis_2,500k,repeated,2,500000,73794240,hdfs:///flight-delay/results/output_benchmark_cluster/cluster_4core_all_datasets_mr_final/spark_core/analysis_2_500k_repeated_2,28.5320,success,/home/hadoop/flight-delay-bigdata-project/results/benchmark_cluster/logs/cluster_4core_all_datasets_mr_final_spark_core_analysis_2_500k_repeated_2.log,spark-submit --master yarn --deploy-mode client --driver-memory 5g spark_core/analysis_2_airport_month_delay_report.py --input hdfs:///flight-delay-project/input/500k/flights.csv --output hdfs:///flight-delay/results/output_benchmark_cluster/cluster_4core_all_datasets_mr_final/spark_core/analysis_2_500k_repeated_2,18,992
2026-06-02T21:28:37.133702+00:00,cluster_4core_all_datasets_mr_final,spark_core,analysis_2,500k,repeated,3,500000,73794240,hdfs:///flight-delay/results/output_benchmark_cluster/cluster_4core_all_datasets_mr_final/spark_core/analysis_2_500k_repeated_3,28.4861,success,/home/hadoop/flight-delay-bigdata-project/results/benchmark_cluster/logs/cluster_4core_all_datasets_mr_final_spark_core_analysis_2_500k_repeated_3.log,spark-submit --master yarn --deploy-mode client --driver-memory 5g spark_core/analysis_2_airport_month_delay_report.py --input hdfs:///flight-delay-project/input/500k/flights.csv --output hdfs:///flight-delay/results/output_benchmark_cluster/cluster_4core_all_datasets_mr_final/spark_core/analysis_2_500k_repeated_3,18,992
2026-06-02T21:29:14.683623+00:00,cluster_4core_all_datasets_mr_final,spark_core,analysis_2,1m,repeated,1,1000000,147935473,hdfs:///flight-delay/results/output_benchmark_cluster/cluster_4core_all_datasets_mr_final/spark_core/analysis_2_1m_repeated_1,31.5267,success,/home/hadoop/flight-delay-bigdata-project/results/benchmark_cluster/logs/cluster_4core_all_datasets_mr_final_spark_core_analysis_2_1m_repeated_1.log,spark-submit --master yarn --deploy-mode client --driver-memory 5g spark_core/analysis_2_airport_month_delay_report.py --input hdfs:///flight-delay-project/input/1m/flights.csv --output hdfs:///flight-delay/results/output_benchmark_cluster/cluster_4core_all_datasets_mr_final/spark_core/analysis_2_1m_repeated_1,18,1959
2026-06-02T21:29:55.069654+00:00,cluster_4core_all_datasets_mr_final,spark_core,analysis_2,1m,repeated,2,1000000,147935473,hdfs:///flight-delay/results/output_benchmark_cluster/cluster_4core_all_datasets_mr_final/spark_core/analysis_2_1m_repeated_2,35.1809,success,/home/hadoop/flight-delay-bigdata-project/results/benchmark_cluster/logs/cluster_4core_all_datasets_mr_final_spark_core_analysis_2_1m_repeated_2.log,spark-submit --master yarn --deploy-mode client --driver-memory 5g spark_core/analysis_2_airport_month_delay_report.py --input hdfs:///flight-delay-project/input/1m/flights.csv --output hdfs:///flight-delay/results/output_benchmark_cluster/cluster_4core_all_datasets_mr_final/spark_core/analysis_2_1m_repeated_2,18,1959
2026-06-02T21:30:41.729177+00:00,cluster_4core_all_datasets_mr_final,spark_core,analysis_2,1m,repeated,3,1000000,147935473,hdfs:///flight-delay/results/output_benchmark_cluster/cluster_4core_all_datasets_mr_final/spark_core/analysis_2_1m_repeated_3,33.1858,success,/home/hadoop/flight-delay-bigdata-project/results/benchmark_cluster/logs/cluster_4core_all_datasets_mr_final_spark_core_analysis_2_1m_repeated_3.log,spark-submit --master yarn --deploy-mode client --driver-memory 5g spark_core/analysis_2_airport_month_delay_report.py --input hdfs:///flight-delay-project/input/1m/flights.csv --output hdfs:///flight-delay/results/output_benchmark_cluster/cluster_4core_all_datasets_mr_final/spark_core/analysis_2_1m_repeated_3,18,1959
2026-06-02T21:31:25.600971+00:00,cluster_4core_all_datasets_mr_final,spark_core,analysis_2,3m,repeated,1,3000000,444331337,hdfs:///flight-delay/results/output_benchmark_cluster/cluster_4core_all_datasets_mr_final/spark_core/analysis_2_3m_repeated_1,37.4718,success,/home/hadoop/flight-delay-bigdata-project/results/benchmark_cluster/logs/cluster_4core_all_datasets_mr_final_spark_core_analysis_2_3m_repeated_1.log,spark-submit --master yarn --deploy-mode client --driver-memory 5g spark_core/analysis_2_airport_month_delay_report.py --input hdfs:///flight-delay-project/input/3m/flights.csv --output hdfs:///flight-delay/results/output_benchmark_cluster/cluster_4core_all_datasets_mr_final/spark_core/analysis_2_3m_repeated_1,20,5830
2026-06-02T21:32:12.372913+00:00,cluster_4core_all_datasets_mr_final,spark_core,analysis_2,3m,repeated,2,3000000,444331337,hdfs:///flight-delay/results/output_benchmark_cluster/cluster_4core_all_datasets_mr_final/spark_core/analysis_2_3m_repeated_2,40.2188,success,/home/hadoop/flight-delay-bigdata-project/results/benchmark_cluster/logs/cluster_4core_all_datasets_mr_final_spark_core_analysis_2_3m_repeated_2.log,spark-submit --master yarn --deploy-mode client --driver-memory 5g spark_core/analysis_2_airport_month_delay_report.py --input hdfs:///flight-delay-project/input/3m/flights.csv --output hdfs:///flight-delay/results/output_benchmark_cluster/cluster_4core_all_datasets_mr_final/spark_core/analysis_2_3m_repeated_2,20,5830
2026-06-02T21:33:02.198627+00:00,cluster_4core_all_datasets_mr_final,spark_core,analysis_2,3m,repeated,3,3000000,444331337,hdfs:///flight-delay/results/output_benchmark_cluster/cluster_4core_all_datasets_mr_final/spark_core/analysis_2_3m_repeated_3,35.1561,success,/home/hadoop/flight-delay-bigdata-project/results/benchmark_cluster/logs/cluster_4core_all_datasets_mr_final_spark_core_analysis_2_3m_repeated_3.log,spark-submit --master yarn --deploy-mode client --driver-memory 5g spark_core/analysis_2_airport_month_delay_report.py --input hdfs:///flight-delay-project/input/3m/flights.csv --output hdfs:///flight-delay/results/output_benchmark_cluster/cluster_4core_all_datasets_mr_final/spark_core/analysis_2_3m_repeated_3,20,5830
2026-06-02T21:33:46.550124+00:00,cluster_4core_all_datasets_mr_final,spark_core,analysis_2,7m,repeated,1,7079081,1051181497,hdfs:///flight-delay/results/output_benchmark_cluster/cluster_4core_all_datasets_mr_final/spark_core/analysis_2_7m_repeated_1,43.5907,success,/home/hadoop/flight-delay-bigdata-project/results/benchmark_cluster/logs/cluster_4core_all_datasets_mr_final_spark_core_analysis_2_7m_repeated_1.log,spark-submit --master yarn --deploy-mode client --driver-memory 5g spark_core/analysis_2_airport_month_delay_report.py --input hdfs:///flight-delay-project/input/7m/flights.csv --output hdfs:///flight-delay/results/output_benchmark_cluster/cluster_4core_all_datasets_mr_final/spark_core/analysis_2_7m_repeated_1,24,11902
2026-06-02T21:34:39.507054+00:00,cluster_4core_all_datasets_mr_final,spark_core,analysis_2,7m,repeated,2,7079081,1051181497,hdfs:///flight-delay/results/output_benchmark_cluster/cluster_4core_all_datasets_mr_final/spark_core/analysis_2_7m_repeated_2,42.1992,success,/home/hadoop/flight-delay-bigdata-project/results/benchmark_cluster/logs/cluster_4core_all_datasets_mr_final_spark_core_analysis_2_7m_repeated_2.log,spark-submit --master yarn --deploy-mode client --driver-memory 5g spark_core/analysis_2_airport_month_delay_report.py --input hdfs:///flight-delay-project/input/7m/flights.csv --output hdfs:///flight-delay/results/output_benchmark_cluster/cluster_4core_all_datasets_mr_final/spark_core/analysis_2_7m_repeated_2,24,11902
2026-06-02T21:35:31.028205+00:00,cluster_4core_all_datasets_mr_final,spark_core,analysis_2,7m,repeated,3,7079081,1051181497,hdfs:///flight-delay/results/output_benchmark_cluster/cluster_4core_all_datasets_mr_final/spark_core/analysis_2_7m_repeated_3,43.2189,success,/home/hadoop/flight-delay-bigdata-project/results/benchmark_cluster/logs/cluster_4core_all_datasets_mr_final_spark_core_analysis_2_7m_repeated_3.log,spark-submit --master yarn --deploy-mode client --driver-memory 5g spark_core/analysis_2_airport_month_delay_report.py --input hdfs:///flight-delay-project/input/7m/flights.csv --output hdfs:///flight-delay/results/output_benchmark_cluster/cluster_4core_all_datasets_mr_final/spark_core/analysis_2_7m_repeated_3,24,11902
2026-06-02T21:36:23.557786+00:00,cluster_4core_all_datasets_mr_final,spark_core,analysis_2,10m,repeated,1,10000000,1483850277,hdfs:///flight-delay/results/output_benchmark_cluster/cluster_4core_all_datasets_mr_final/spark_core/analysis_2_10m_repeated_1,54.5124,success,/home/hadoop/flight-delay-bigdata-project/results/benchmark_cluster/logs/cluster_4core_all_datasets_mr_final_spark_core_analysis_2_10m_repeated_1.log,spark-submit --master yarn --deploy-mode client --driver-memory 5g spark_core/analysis_2_airport_month_delay_report.py --input hdfs:///flight-delay-project/input/10m/flights.csv --output hdfs:///flight-delay/results/output_benchmark_cluster/cluster_4core_all_datasets_mr_final/spark_core/analysis_2_10m_repeated_1,27,11902
2026-06-02T21:37:28.204610+00:00,cluster_4core_all_datasets_mr_final,spark_core,analysis_2,10m,repeated,2,10000000,1483850277,hdfs:///flight-delay/results/output_benchmark_cluster/cluster_4core_all_datasets_mr_final/spark_core/analysis_2_10m_repeated_2,54.9019,success,/home/hadoop/flight-delay-bigdata-project/results/benchmark_cluster/logs/cluster_4core_all_datasets_mr_final_spark_core_analysis_2_10m_repeated_2.log,spark-submit --master yarn --deploy-mode client --driver-memory 5g spark_core/analysis_2_airport_month_delay_report.py --input hdfs:///flight-delay-project/input/10m/flights.csv --output hdfs:///flight-delay/results/output_benchmark_cluster/cluster_4core_all_datasets_mr_final/spark_core/analysis_2_10m_repeated_2,27,11902
2026-06-02T21:38:33.312622+00:00,cluster_4core_all_datasets_mr_final,spark_core,analysis_2,10m,repeated,3,10000000,1483850277,hdfs:///flight-delay/results/output_benchmark_cluster/cluster_4core_all_datasets_mr_final/spark_core/analysis_2_10m_repeated_3,50.7715,success,/home/hadoop/flight-delay-bigdata-project/results/benchmark_cluster/logs/cluster_4core_all_datasets_mr_final_spark_core_analysis_2_10m_repeated_3.log,spark-submit --master yarn --deploy-mode client --driver-memory 5g spark_core/analysis_2_airport_month_delay_report.py --input hdfs:///flight-delay-project/input/10m/flights.csv --output hdfs:///flight-delay/results/output_benchmark_cluster/cluster_4core_all_datasets_mr_final/spark_core/analysis_2_10m_repeated_3,27,11902
2026-06-02T21:39:33.417846+00:00,cluster_4core_all_datasets_mr_final,spark_core,analysis_2,14m,repeated,1,14158162,2102362680,hdfs:///flight-delay/results/output_benchmark_cluster/cluster_4core_all_datasets_mr_final/spark_core/analysis_2_14m_repeated_1,59.8983,success,/home/hadoop/flight-delay-bigdata-project/results/benchmark_cluster/logs/cluster_4core_all_datasets_mr_final_spark_core_analysis_2_14m_repeated_1.log,spark-submit --master yarn --deploy-mode client --driver-memory 5g spark_core/analysis_2_airport_month_delay_report.py --input hdfs:///flight-delay-project/input/14m/flights.csv --output hdfs:///flight-delay/results/output_benchmark_cluster/cluster_4core_all_datasets_mr_final/spark_core/analysis_2_14m_repeated_1,32,11902
2026-06-02T21:40:42.681157+00:00,cluster_4core_all_datasets_mr_final,spark_core,analysis_2,14m,repeated,2,14158162,2102362680,hdfs:///flight-delay/results/output_benchmark_cluster/cluster_4core_all_datasets_mr_final/spark_core/analysis_2_14m_repeated_2,58.9698,success,/home/hadoop/flight-delay-bigdata-project/results/benchmark_cluster/logs/cluster_4core_all_datasets_mr_final_spark_core_analysis_2_14m_repeated_2.log,spark-submit --master yarn --deploy-mode client --driver-memory 5g spark_core/analysis_2_airport_month_delay_report.py --input hdfs:///flight-delay-project/input/14m/flights.csv --output hdfs:///flight-delay/results/output_benchmark_cluster/cluster_4core_all_datasets_mr_final/spark_core/analysis_2_14m_repeated_2,32,11902
2026-06-02T21:41:51.167794+00:00,cluster_4core_all_datasets_mr_final,spark_core,analysis_2,14m,repeated,3,14158162,2102362680,hdfs:///flight-delay/results/output_benchmark_cluster/cluster_4core_all_datasets_mr_final/spark_core/analysis_2_14m_repeated_3,59.2673,success,/home/hadoop/flight-delay-bigdata-project/results/benchmark_cluster/logs/cluster_4core_all_datasets_mr_final_spark_core_analysis_2_14m_repeated_3.log,spark-submit --master yarn --deploy-mode client --driver-memory 5g spark_core/analysis_2_airport_month_delay_report.py --input hdfs:///flight-delay-project/input/14m/flights.csv --output hdfs:///flight-delay/results/output_benchmark_cluster/cluster_4core_all_datasets_mr_final/spark_core/analysis_2_14m_repeated_3,32,11902
2026-06-02T21:43:00.320405+00:00,cluster_4core_all_datasets_mr_final,spark_core,analysis_3,100k,repeated,1,100000,14762421,hdfs:///flight-delay/results/output_benchmark_cluster/cluster_4core_all_datasets_mr_final/spark_core/analysis_3_100k_repeated_1,28.6521,success,/home/hadoop/flight-delay-bigdata-project/results/benchmark_cluster/logs/cluster_4core_all_datasets_mr_final_spark_core_analysis_3_100k_repeated_1.log,spark-submit --master yarn --deploy-mode client --driver-memory 5g spark_core/analysis_3_airline_airport_ranking.py --input hdfs:///flight-delay-project/input/100k/flights.csv --output hdfs:///flight-delay/results/output_benchmark_cluster/cluster_4core_all_datasets_mr_final/spark_core/analysis_3_100k_repeated_1,20,1485
2026-06-02T21:43:40.569788+00:00,cluster_4core_all_datasets_mr_final,spark_core,analysis_3,100k,repeated,2,100000,14762421,hdfs:///flight-delay/results/output_benchmark_cluster/cluster_4core_all_datasets_mr_final/spark_core/analysis_3_100k_repeated_2,27.7678,success,/home/hadoop/flight-delay-bigdata-project/results/benchmark_cluster/logs/cluster_4core_all_datasets_mr_final_spark_core_analysis_3_100k_repeated_2.log,spark-submit --master yarn --deploy-mode client --driver-memory 5g spark_core/analysis_3_airline_airport_ranking.py --input hdfs:///flight-delay-project/input/100k/flights.csv --output hdfs:///flight-delay/results/output_benchmark_cluster/cluster_4core_all_datasets_mr_final/spark_core/analysis_3_100k_repeated_2,20,1485
2026-06-02T21:44:20.167673+00:00,cluster_4core_all_datasets_mr_final,spark_core,analysis_3,100k,repeated,3,100000,14762421,hdfs:///flight-delay/results/output_benchmark_cluster/cluster_4core_all_datasets_mr_final/spark_core/analysis_3_100k_repeated_3,28.5606,success,/home/hadoop/flight-delay-bigdata-project/results/benchmark_cluster/logs/cluster_4core_all_datasets_mr_final_spark_core_analysis_3_100k_repeated_3.log,spark-submit --master yarn --deploy-mode client --driver-memory 5g spark_core/analysis_3_airline_airport_ranking.py --input hdfs:///flight-delay-project/input/100k/flights.csv --output hdfs:///flight-delay/results/output_benchmark_cluster/cluster_4core_all_datasets_mr_final/spark_core/analysis_3_100k_repeated_3,20,1485
2026-06-02T21:44:57.827525+00:00,cluster_4core_all_datasets_mr_final,spark_core,analysis_3,500k,repeated,1,500000,73794240,hdfs:///flight-delay/results/output_benchmark_cluster/cluster_4core_all_datasets_mr_final/spark_core/analysis_3_500k_repeated_1,29.3444,success,/home/hadoop/flight-delay-bigdata-project/results/benchmark_cluster/logs/cluster_4core_all_datasets_mr_final_spark_core_analysis_3_500k_repeated_1.log,spark-submit --master yarn --deploy-mode client --driver-memory 5g spark_core/analysis_3_airline_airport_ranking.py --input hdfs:///flight-delay-project/input/500k/flights.csv --output hdfs:///flight-delay/results/output_benchmark_cluster/cluster_4core_all_datasets_mr_final/spark_core/analysis_3_500k_repeated_1,20,1564
2026-06-02T21:45:36.392574+00:00,cluster_4core_all_datasets_mr_final,spark_core,analysis_3,500k,repeated,2,500000,73794240,hdfs:///flight-delay/results/output_benchmark_cluster/cluster_4core_all_datasets_mr_final/spark_core/analysis_3_500k_repeated_2,29.2713,success,/home/hadoop/flight-delay-bigdata-project/results/benchmark_cluster/logs/cluster_4core_all_datasets_mr_final_spark_core_analysis_3_500k_repeated_2.log,spark-submit --master yarn --deploy-mode client --driver-memory 5g spark_core/analysis_3_airline_airport_ranking.py --input hdfs:///flight-delay-project/input/500k/flights.csv --output hdfs:///flight-delay/results/output_benchmark_cluster/cluster_4core_all_datasets_mr_final/spark_core/analysis_3_500k_repeated_2,20,1564
2026-06-02T21:46:14.682759+00:00,cluster_4core_all_datasets_mr_final,spark_core,analysis_3,500k,repeated,3,500000,73794240,hdfs:///flight-delay/results/output_benchmark_cluster/cluster_4core_all_datasets_mr_final/spark_core/analysis_3_500k_repeated_3,29.3942,success,/home/hadoop/flight-delay-bigdata-project/results/benchmark_cluster/logs/cluster_4core_all_datasets_mr_final_spark_core_analysis_3_500k_repeated_3.log,spark-submit --master yarn --deploy-mode client --driver-memory 5g spark_core/analysis_3_airline_airport_ranking.py --input hdfs:///flight-delay-project/input/500k/flights.csv --output hdfs:///flight-delay/results/output_benchmark_cluster/cluster_4core_all_datasets_mr_final/spark_core/analysis_3_500k_repeated_3,20,1564
2026-06-02T21:46:53.371178+00:00,cluster_4core_all_datasets_mr_final,spark_core,analysis_3,1m,repeated,1,1000000,147935473,hdfs:///flight-delay/results/output_benchmark_cluster/cluster_4core_all_datasets_mr_final/spark_core/analysis_3_1m_repeated_1,32.6162,success,/home/hadoop/flight-delay-bigdata-project/results/benchmark_cluster/logs/cluster_4core_all_datasets_mr_final_spark_core_analysis_3_1m_repeated_1.log,spark-submit --master yarn --deploy-mode client --driver-memory 5g spark_core/analysis_3_airline_airport_ranking.py --input hdfs:///flight-delay-project/input/1m/flights.csv --output hdfs:///flight-delay/results/output_benchmark_cluster/cluster_4core_all_datasets_mr_final/spark_core/analysis_3_1m_repeated_1,20,1586
2026-06-02T21:47:35.547765+00:00,cluster_4core_all_datasets_mr_final,spark_core,analysis_3,1m,repeated,2,1000000,147935473,hdfs:///flight-delay/results/output_benchmark_cluster/cluster_4core_all_datasets_mr_final/spark_core/analysis_3_1m_repeated_2,32.1662,success,/home/hadoop/flight-delay-bigdata-project/results/benchmark_cluster/logs/cluster_4core_all_datasets_mr_final_spark_core_analysis_3_1m_repeated_2.log,spark-submit --master yarn --deploy-mode client --driver-memory 5g spark_core/analysis_3_airline_airport_ranking.py --input hdfs:///flight-delay-project/input/1m/flights.csv --output hdfs:///flight-delay/results/output_benchmark_cluster/cluster_4core_all_datasets_mr_final/spark_core/analysis_3_1m_repeated_2,20,1586
2026-06-02T21:48:17.510899+00:00,cluster_4core_all_datasets_mr_final,spark_core,analysis_3,1m,repeated,3,1000000,147935473,hdfs:///flight-delay/results/output_benchmark_cluster/cluster_4core_all_datasets_mr_final/spark_core/analysis_3_1m_repeated_3,33.5350,success,/home/hadoop/flight-delay-bigdata-project/results/benchmark_cluster/logs/cluster_4core_all_datasets_mr_final_spark_core_analysis_3_1m_repeated_3.log,spark-submit --master yarn --deploy-mode client --driver-memory 5g spark_core/analysis_3_airline_airport_ranking.py --input hdfs:///flight-delay-project/input/1m/flights.csv --output hdfs:///flight-delay/results/output_benchmark_cluster/cluster_4core_all_datasets_mr_final/spark_core/analysis_3_1m_repeated_3,20,1586
2026-06-02T21:49:00.473533+00:00,cluster_4core_all_datasets_mr_final,spark_core,analysis_3,3m,repeated,1,3000000,444331337,hdfs:///flight-delay/results/output_benchmark_cluster/cluster_4core_all_datasets_mr_final/spark_core/analysis_3_3m_repeated_1,34.1740,success,/home/hadoop/flight-delay-bigdata-project/results/benchmark_cluster/logs/cluster_4core_all_datasets_mr_final_spark_core_analysis_3_3m_repeated_1.log,spark-submit --master yarn --deploy-mode client --driver-memory 5g spark_core/analysis_3_airline_airport_ranking.py --input hdfs:///flight-delay-project/input/3m/flights.csv --output hdfs:///flight-delay/results/output_benchmark_cluster/cluster_4core_all_datasets_mr_final/spark_core/analysis_3_3m_repeated_1,24,1682
2026-06-02T21:49:43.932010+00:00,cluster_4core_all_datasets_mr_final,spark_core,analysis_3,3m,repeated,2,3000000,444331337,hdfs:///flight-delay/results/output_benchmark_cluster/cluster_4core_all_datasets_mr_final/spark_core/analysis_3_3m_repeated_2,34.9120,success,/home/hadoop/flight-delay-bigdata-project/results/benchmark_cluster/logs/cluster_4core_all_datasets_mr_final_spark_core_analysis_3_3m_repeated_2.log,spark-submit --master yarn --deploy-mode client --driver-memory 5g spark_core/analysis_3_airline_airport_ranking.py --input hdfs:///flight-delay-project/input/3m/flights.csv --output hdfs:///flight-delay/results/output_benchmark_cluster/cluster_4core_all_datasets_mr_final/spark_core/analysis_3_3m_repeated_2,24,1682
2026-06-02T21:50:29.294048+00:00,cluster_4core_all_datasets_mr_final,spark_core,analysis_3,3m,repeated,3,3000000,444331337,hdfs:///flight-delay/results/output_benchmark_cluster/cluster_4core_all_datasets_mr_final/spark_core/analysis_3_3m_repeated_3,33.4861,success,/home/hadoop/flight-delay-bigdata-project/results/benchmark_cluster/logs/cluster_4core_all_datasets_mr_final_spark_core_analysis_3_3m_repeated_3.log,spark-submit --master yarn --deploy-mode client --driver-memory 5g spark_core/analysis_3_airline_airport_ranking.py --input hdfs:///flight-delay-project/input/3m/flights.csv --output hdfs:///flight-delay/results/output_benchmark_cluster/cluster_4core_all_datasets_mr_final/spark_core/analysis_3_3m_repeated_3,24,1682
2026-06-02T21:51:11.928763+00:00,cluster_4core_all_datasets_mr_final,spark_core,analysis_3,7m,repeated,1,7079081,1051181497,hdfs:///flight-delay/results/output_benchmark_cluster/cluster_4core_all_datasets_mr_final/spark_core/analysis_3_7m_repeated_1,35.9032,success,/home/hadoop/flight-delay-bigdata-project/results/benchmark_cluster/logs/cluster_4core_all_datasets_mr_final_spark_core_analysis_3_7m_repeated_1.log,spark-submit --master yarn --deploy-mode client --driver-memory 5g spark_core/analysis_3_airline_airport_ranking.py --input hdfs:///flight-delay-project/input/7m/flights.csv --output hdfs:///flight-delay/results/output_benchmark_cluster/cluster_4core_all_datasets_mr_final/spark_core/analysis_3_7m_repeated_1,32,1738
2026-06-02T21:51:57.227622+00:00,cluster_4core_all_datasets_mr_final,spark_core,analysis_3,7m,repeated,2,7079081,1051181497,hdfs:///flight-delay/results/output_benchmark_cluster/cluster_4core_all_datasets_mr_final/spark_core/analysis_3_7m_repeated_2,36.9505,success,/home/hadoop/flight-delay-bigdata-project/results/benchmark_cluster/logs/cluster_4core_all_datasets_mr_final_spark_core_analysis_3_7m_repeated_2.log,spark-submit --master yarn --deploy-mode client --driver-memory 5g spark_core/analysis_3_airline_airport_ranking.py --input hdfs:///flight-delay-project/input/7m/flights.csv --output hdfs:///flight-delay/results/output_benchmark_cluster/cluster_4core_all_datasets_mr_final/spark_core/analysis_3_7m_repeated_2,32,1738
2026-06-02T21:52:44.329919+00:00,cluster_4core_all_datasets_mr_final,spark_core,analysis_3,7m,repeated,3,7079081,1051181497,hdfs:///flight-delay/results/output_benchmark_cluster/cluster_4core_all_datasets_mr_final/spark_core/analysis_3_7m_repeated_3,38.6373,success,/home/hadoop/flight-delay-bigdata-project/results/benchmark_cluster/logs/cluster_4core_all_datasets_mr_final_spark_core_analysis_3_7m_repeated_3.log,spark-submit --master yarn --deploy-mode client --driver-memory 5g spark_core/analysis_3_airline_airport_ranking.py --input hdfs:///flight-delay-project/input/7m/flights.csv --output hdfs:///flight-delay/results/output_benchmark_cluster/cluster_4core_all_datasets_mr_final/spark_core/analysis_3_7m_repeated_3,32,1738
2026-06-02T21:53:32.294090+00:00,cluster_4core_all_datasets_mr_final,spark_core,analysis_3,10m,repeated,1,10000000,1483850277,hdfs:///flight-delay/results/output_benchmark_cluster/cluster_4core_all_datasets_mr_final/spark_core/analysis_3_10m_repeated_1,40.1903,success,/home/hadoop/flight-delay-bigdata-project/results/benchmark_cluster/logs/cluster_4core_all_datasets_mr_final_spark_core_analysis_3_10m_repeated_1.log,spark-submit --master yarn --deploy-mode client --driver-memory 5g spark_core/analysis_3_airline_airport_ranking.py --input hdfs:///flight-delay-project/input/10m/flights.csv --output hdfs:///flight-delay/results/output_benchmark_cluster/cluster_4core_all_datasets_mr_final/spark_core/analysis_3_10m_repeated_1,38,1738
2026-06-02T21:54:21.803199+00:00,cluster_4core_all_datasets_mr_final,spark_core,analysis_3,10m,repeated,2,10000000,1483850277,hdfs:///flight-delay/results/output_benchmark_cluster/cluster_4core_all_datasets_mr_final/spark_core/analysis_3_10m_repeated_2,46.8675,success,/home/hadoop/flight-delay-bigdata-project/results/benchmark_cluster/logs/cluster_4core_all_datasets_mr_final_spark_core_analysis_3_10m_repeated_2.log,spark-submit --master yarn --deploy-mode client --driver-memory 5g spark_core/analysis_3_airline_airport_ranking.py --input hdfs:///flight-delay-project/input/10m/flights.csv --output hdfs:///flight-delay/results/output_benchmark_cluster/cluster_4core_all_datasets_mr_final/spark_core/analysis_3_10m_repeated_2,38,1738
2026-06-02T21:55:18.796252+00:00,cluster_4core_all_datasets_mr_final,spark_core,analysis_3,10m,repeated,3,10000000,1483850277,hdfs:///flight-delay/results/output_benchmark_cluster/cluster_4core_all_datasets_mr_final/spark_core/analysis_3_10m_repeated_3,44.4875,success,/home/hadoop/flight-delay-bigdata-project/results/benchmark_cluster/logs/cluster_4core_all_datasets_mr_final_spark_core_analysis_3_10m_repeated_3.log,spark-submit --master yarn --deploy-mode client --driver-memory 5g spark_core/analysis_3_airline_airport_ranking.py --input hdfs:///flight-delay-project/input/10m/flights.csv --output hdfs:///flight-delay/results/output_benchmark_cluster/cluster_4core_all_datasets_mr_final/spark_core/analysis_3_10m_repeated_3,38,1738
2026-06-02T21:56:12.994915+00:00,cluster_4core_all_datasets_mr_final,spark_core,analysis_3,14m,repeated,1,14158162,2102362680,hdfs:///flight-delay/results/output_benchmark_cluster/cluster_4core_all_datasets_mr_final/spark_core/analysis_3_14m_repeated_1,45.4306,success,/home/hadoop/flight-delay-bigdata-project/results/benchmark_cluster/logs/cluster_4core_all_datasets_mr_final_spark_core_analysis_3_14m_repeated_1.log,spark-submit --master yarn --deploy-mode client --driver-memory 5g spark_core/analysis_3_airline_airport_ranking.py --input hdfs:///flight-delay-project/input/14m/flights.csv --output hdfs:///flight-delay/results/output_benchmark_cluster/cluster_4core_all_datasets_mr_final/spark_core/analysis_3_14m_repeated_1,48,1738
2026-06-02T21:57:08.632603+00:00,cluster_4core_all_datasets_mr_final,spark_core,analysis_3,14m,repeated,2,14158162,2102362680,hdfs:///flight-delay/results/output_benchmark_cluster/cluster_4core_all_datasets_mr_final/spark_core/analysis_3_14m_repeated_2,46.4947,success,/home/hadoop/flight-delay-bigdata-project/results/benchmark_cluster/logs/cluster_4core_all_datasets_mr_final_spark_core_analysis_3_14m_repeated_2.log,spark-submit --master yarn --deploy-mode client --driver-memory 5g spark_core/analysis_3_airline_airport_ranking.py --input hdfs:///flight-delay-project/input/14m/flights.csv --output hdfs:///flight-delay/results/output_benchmark_cluster/cluster_4core_all_datasets_mr_final/spark_core/analysis_3_14m_repeated_2,48,1738
2026-06-02T21:58:04.488233+00:00,cluster_4core_all_datasets_mr_final,spark_core,analysis_3,14m,repeated,3,14158162,2102362680,hdfs:///flight-delay/results/output_benchmark_cluster/cluster_4core_all_datasets_mr_final/spark_core/analysis_3_14m_repeated_3,45.3252,success,/home/hadoop/flight-delay-bigdata-project/results/benchmark_cluster/logs/cluster_4core_all_datasets_mr_final_spark_core_analysis_3_14m_repeated_3.log,spark-submit --master yarn --deploy-mode client --driver-memory 5g spark_core/analysis_3_airline_airport_ranking.py --input hdfs:///flight-delay-project/input/14m/flights.csv --output hdfs:///flight-delay/results/output_benchmark_cluster/cluster_4core_all_datasets_mr_final/spark_core/analysis_3_14m_repeated_3,48,1738
