timestamp,campaign_tag,technology,analysis,dataset_label,run_type,run_index,input_rows,input_bytes_hdfs,output_path,elapsed_seconds_job_time,status,error_log_path,command,output_part_files_count,output_rows
2026-06-02T10:31:05.962500+00:00,benchmark_20260602_122935,hive,analysis_1,100k,repeated,1,100000,14762421,hdfs://localhost:9000/flight-delay-project/output_benchmark/benchmark_20260602_122935/hive/analysis_1_100k_repeated_1,5.6462,success,/home/emi/Desktop/projects/flight-delay-bigdata-project/results/benchmark/logs/benchmark_20260602_122935_hive_analysis_1_100k_repeated_1.log,beeline -u jdbc:hive2://localhost:10000/default --hiveconf output_dir=hdfs://localhost:9000/flight-delay-project/output_benchmark/benchmark_20260602_122935/hive/analysis_1_100k_repeated_1 -f hive/analysis_1_airline_stats.sql,1,1485
2026-06-02T10:31:18.424210+00:00,benchmark_20260602_122935,hive,analysis_1,100k,repeated,2,100000,14762421,hdfs://localhost:9000/flight-delay-project/output_benchmark/benchmark_20260602_122935/hive/analysis_1_100k_repeated_2,3.6871,success,/home/emi/Desktop/projects/flight-delay-bigdata-project/results/benchmark/logs/benchmark_20260602_122935_hive_analysis_1_100k_repeated_2.log,beeline -u jdbc:hive2://localhost:10000/default --hiveconf output_dir=hdfs://localhost:9000/flight-delay-project/output_benchmark/benchmark_20260602_122935/hive/analysis_1_100k_repeated_2 -f hive/analysis_1_airline_stats.sql,1,1485
2026-06-02T10:31:28.009356+00:00,benchmark_20260602_122935,hive,analysis_1,100k,repeated,3,100000,14762421,hdfs://localhost:9000/flight-delay-project/output_benchmark/benchmark_20260602_122935/hive/analysis_1_100k_repeated_3,3.3269,success,/home/emi/Desktop/projects/flight-delay-bigdata-project/results/benchmark/logs/benchmark_20260602_122935_hive_analysis_1_100k_repeated_3.log,beeline -u jdbc:hive2://localhost:10000/default --hiveconf output_dir=hdfs://localhost:9000/flight-delay-project/output_benchmark/benchmark_20260602_122935/hive/analysis_1_100k_repeated_3 -f hive/analysis_1_airline_stats.sql,1,1485
2026-06-02T10:31:36.948192+00:00,benchmark_20260602_122935,hive,analysis_1,500k,repeated,1,500000,73794240,hdfs://localhost:9000/flight-delay-project/output_benchmark/benchmark_20260602_122935/hive/analysis_1_500k_repeated_1,4.3342,success,/home/emi/Desktop/projects/flight-delay-bigdata-project/results/benchmark/logs/benchmark_20260602_122935_hive_analysis_1_500k_repeated_1.log,beeline -u jdbc:hive2://localhost:10000/default --hiveconf output_dir=hdfs://localhost:9000/flight-delay-project/output_benchmark/benchmark_20260602_122935/hive/analysis_1_500k_repeated_1 -f hive/analysis_1_airline_stats.sql,1,1564
2026-06-02T10:31:46.778000+00:00,benchmark_20260602_122935,hive,analysis_1,500k,repeated,2,500000,73794240,hdfs://localhost:9000/flight-delay-project/output_benchmark/benchmark_20260602_122935/hive/analysis_1_500k_repeated_2,4.3149,success,/home/emi/Desktop/projects/flight-delay-bigdata-project/results/benchmark/logs/benchmark_20260602_122935_hive_analysis_1_500k_repeated_2.log,beeline -u jdbc:hive2://localhost:10000/default --hiveconf output_dir=hdfs://localhost:9000/flight-delay-project/output_benchmark/benchmark_20260602_122935/hive/analysis_1_500k_repeated_2 -f hive/analysis_1_airline_stats.sql,1,1564
2026-06-02T10:31:56.641765+00:00,benchmark_20260602_122935,hive,analysis_1,500k,repeated,3,500000,73794240,hdfs://localhost:9000/flight-delay-project/output_benchmark/benchmark_20260602_122935/hive/analysis_1_500k_repeated_3,4.3186,success,/home/emi/Desktop/projects/flight-delay-bigdata-project/results/benchmark/logs/benchmark_20260602_122935_hive_analysis_1_500k_repeated_3.log,beeline -u jdbc:hive2://localhost:10000/default --hiveconf output_dir=hdfs://localhost:9000/flight-delay-project/output_benchmark/benchmark_20260602_122935/hive/analysis_1_500k_repeated_3 -f hive/analysis_1_airline_stats.sql,1,1564
2026-06-02T10:32:06.466003+00:00,benchmark_20260602_122935,hive,analysis_1,1m,repeated,1,1000000,147935473,hdfs://localhost:9000/flight-delay-project/output_benchmark/benchmark_20260602_122935/hive/analysis_1_1m_repeated_1,7.2970,success,/home/emi/Desktop/projects/flight-delay-bigdata-project/results/benchmark/logs/benchmark_20260602_122935_hive_analysis_1_1m_repeated_1.log,beeline -u jdbc:hive2://localhost:10000/default --hiveconf output_dir=hdfs://localhost:9000/flight-delay-project/output_benchmark/benchmark_20260602_122935/hive/analysis_1_1m_repeated_1 -f hive/analysis_1_airline_stats.sql,1,1586
2026-06-02T10:32:19.263565+00:00,benchmark_20260602_122935,hive,analysis_1,1m,repeated,2,1000000,147935473,hdfs://localhost:9000/flight-delay-project/output_benchmark/benchmark_20260602_122935/hive/analysis_1_1m_repeated_2,7.3296,success,/home/emi/Desktop/projects/flight-delay-bigdata-project/results/benchmark/logs/benchmark_20260602_122935_hive_analysis_1_1m_repeated_2.log,beeline -u jdbc:hive2://localhost:10000/default --hiveconf output_dir=hdfs://localhost:9000/flight-delay-project/output_benchmark/benchmark_20260602_122935/hive/analysis_1_1m_repeated_2 -f hive/analysis_1_airline_stats.sql,1,1586
2026-06-02T10:32:32.103000+00:00,benchmark_20260602_122935,hive,analysis_1,1m,repeated,3,1000000,147935473,hdfs://localhost:9000/flight-delay-project/output_benchmark/benchmark_20260602_122935/hive/analysis_1_1m_repeated_3,7.3189,success,/home/emi/Desktop/projects/flight-delay-bigdata-project/results/benchmark/logs/benchmark_20260602_122935_hive_analysis_1_1m_repeated_3.log,beeline -u jdbc:hive2://localhost:10000/default --hiveconf output_dir=hdfs://localhost:9000/flight-delay-project/output_benchmark/benchmark_20260602_122935/hive/analysis_1_1m_repeated_3 -f hive/analysis_1_airline_stats.sql,1,1586
2026-06-02T10:32:44.957862+00:00,benchmark_20260602_122935,hive,analysis_1,3m,repeated,1,3000000,444331337,hdfs://localhost:9000/flight-delay-project/output_benchmark/benchmark_20260602_122935/hive/analysis_1_3m_repeated_1,17.2935,success,/home/emi/Desktop/projects/flight-delay-bigdata-project/results/benchmark/logs/benchmark_20260602_122935_hive_analysis_1_3m_repeated_1.log,beeline -u jdbc:hive2://localhost:10000/default --hiveconf output_dir=hdfs://localhost:9000/flight-delay-project/output_benchmark/benchmark_20260602_122935/hive/analysis_1_3m_repeated_1 -f hive/analysis_1_airline_stats.sql,2,1682
2026-06-02T10:33:07.733843+00:00,benchmark_20260602_122935,hive,analysis_1,3m,repeated,2,3000000,444331337,hdfs://localhost:9000/flight-delay-project/output_benchmark/benchmark_20260602_122935/hive/analysis_1_3m_repeated_2,16.3170,success,/home/emi/Desktop/projects/flight-delay-bigdata-project/results/benchmark/logs/benchmark_20260602_122935_hive_analysis_1_3m_repeated_2.log,beeline -u jdbc:hive2://localhost:10000/default --hiveconf output_dir=hdfs://localhost:9000/flight-delay-project/output_benchmark/benchmark_20260602_122935/hive/analysis_1_3m_repeated_2 -f hive/analysis_1_airline_stats.sql,2,1682
2026-06-02T10:33:29.531677+00:00,benchmark_20260602_122935,hive,analysis_1,3m,repeated,3,3000000,444331337,hdfs://localhost:9000/flight-delay-project/output_benchmark/benchmark_20260602_122935/hive/analysis_1_3m_repeated_3,16.3069,success,/home/emi/Desktop/projects/flight-delay-bigdata-project/results/benchmark/logs/benchmark_20260602_122935_hive_analysis_1_3m_repeated_3.log,beeline -u jdbc:hive2://localhost:10000/default --hiveconf output_dir=hdfs://localhost:9000/flight-delay-project/output_benchmark/benchmark_20260602_122935/hive/analysis_1_3m_repeated_3 -f hive/analysis_1_airline_stats.sql,2,1682
2026-06-02T10:33:51.337853+00:00,benchmark_20260602_122935,hive,analysis_1,7m,repeated,1,7079081,1051181497,hdfs://localhost:9000/flight-delay-project/output_benchmark/benchmark_20260602_122935/hive/analysis_1_7m_repeated_1,38.3208,success,/home/emi/Desktop/projects/flight-delay-bigdata-project/results/benchmark/logs/benchmark_20260602_122935_hive_analysis_1_7m_repeated_1.log,beeline -u jdbc:hive2://localhost:10000/default --hiveconf output_dir=hdfs://localhost:9000/flight-delay-project/output_benchmark/benchmark_20260602_122935/hive/analysis_1_7m_repeated_1 -f hive/analysis_1_airline_stats.sql,5,1738
2026-06-02T10:34:35.182288+00:00,benchmark_20260602_122935,hive,analysis_1,7m,repeated,2,7079081,1051181497,hdfs://localhost:9000/flight-delay-project/output_benchmark/benchmark_20260602_122935/hive/analysis_1_7m_repeated_2,38.3154,success,/home/emi/Desktop/projects/flight-delay-bigdata-project/results/benchmark/logs/benchmark_20260602_122935_hive_analysis_1_7m_repeated_2.log,beeline -u jdbc:hive2://localhost:10000/default --hiveconf output_dir=hdfs://localhost:9000/flight-delay-project/output_benchmark/benchmark_20260602_122935/hive/analysis_1_7m_repeated_2 -f hive/analysis_1_airline_stats.sql,5,1738
2026-06-02T10:35:19.006741+00:00,benchmark_20260602_122935,hive,analysis_1,7m,repeated,3,7079081,1051181497,hdfs://localhost:9000/flight-delay-project/output_benchmark/benchmark_20260602_122935/hive/analysis_1_7m_repeated_3,38.3205,success,/home/emi/Desktop/projects/flight-delay-bigdata-project/results/benchmark/logs/benchmark_20260602_122935_hive_analysis_1_7m_repeated_3.log,beeline -u jdbc:hive2://localhost:10000/default --hiveconf output_dir=hdfs://localhost:9000/flight-delay-project/output_benchmark/benchmark_20260602_122935/hive/analysis_1_7m_repeated_3 -f hive/analysis_1_airline_stats.sql,5,1738
2026-06-02T10:36:02.784600+00:00,benchmark_20260602_122935,hive,analysis_1,10m,repeated,1,10000000,1483850277,hdfs://localhost:9000/flight-delay-project/output_benchmark/benchmark_20260602_122935/hive/analysis_1_10m_repeated_1,52.3662,success,/home/emi/Desktop/projects/flight-delay-bigdata-project/results/benchmark/logs/benchmark_20260602_122935_hive_analysis_1_10m_repeated_1.log,beeline -u jdbc:hive2://localhost:10000/default --hiveconf output_dir=hdfs://localhost:9000/flight-delay-project/output_benchmark/benchmark_20260602_122935/hive/analysis_1_10m_repeated_1 -f hive/analysis_1_airline_stats.sql,6,1738
2026-06-02T10:37:00.634459+00:00,benchmark_20260602_122935,hive,analysis_1,10m,repeated,2,10000000,1483850277,hdfs://localhost:9000/flight-delay-project/output_benchmark/benchmark_20260602_122935/hive/analysis_1_10m_repeated_2,51.3604,success,/home/emi/Desktop/projects/flight-delay-bigdata-project/results/benchmark/logs/benchmark_20260602_122935_hive_analysis_1_10m_repeated_2.log,beeline -u jdbc:hive2://localhost:10000/default --hiveconf output_dir=hdfs://localhost:9000/flight-delay-project/output_benchmark/benchmark_20260602_122935/hive/analysis_1_10m_repeated_2 -f hive/analysis_1_airline_stats.sql,6,1738
2026-06-02T10:37:57.482685+00:00,benchmark_20260602_122935,hive,analysis_1,10m,repeated,3,10000000,1483850277,hdfs://localhost:9000/flight-delay-project/output_benchmark/benchmark_20260602_122935/hive/analysis_1_10m_repeated_3,51.3527,success,/home/emi/Desktop/projects/flight-delay-bigdata-project/results/benchmark/logs/benchmark_20260602_122935_hive_analysis_1_10m_repeated_3.log,beeline -u jdbc:hive2://localhost:10000/default --hiveconf output_dir=hdfs://localhost:9000/flight-delay-project/output_benchmark/benchmark_20260602_122935/hive/analysis_1_10m_repeated_3 -f hive/analysis_1_airline_stats.sql,6,1738
2026-06-02T10:38:54.382988+00:00,benchmark_20260602_122935,hive,analysis_1,14m,repeated,1,14158162,2102362680,hdfs://localhost:9000/flight-delay-project/output_benchmark/benchmark_20260602_122935/hive/analysis_1_14m_repeated_1,73.3803,success,/home/emi/Desktop/projects/flight-delay-bigdata-project/results/benchmark/logs/benchmark_20260602_122935_hive_analysis_1_14m_repeated_1.log,beeline -u jdbc:hive2://localhost:10000/default --hiveconf output_dir=hdfs://localhost:9000/flight-delay-project/output_benchmark/benchmark_20260602_122935/hive/analysis_1_14m_repeated_1 -f hive/analysis_1_airline_stats.sql,9,1738
2026-06-02T10:40:13.357390+00:00,benchmark_20260602_122935,hive,analysis_1,14m,repeated,2,14158162,2102362680,hdfs://localhost:9000/flight-delay-project/output_benchmark/benchmark_20260602_122935/hive/analysis_1_14m_repeated_2,71.3659,success,/home/emi/Desktop/projects/flight-delay-bigdata-project/results/benchmark/logs/benchmark_20260602_122935_hive_analysis_1_14m_repeated_2.log,beeline -u jdbc:hive2://localhost:10000/default --hiveconf output_dir=hdfs://localhost:9000/flight-delay-project/output_benchmark/benchmark_20260602_122935/hive/analysis_1_14m_repeated_2 -f hive/analysis_1_airline_stats.sql,9,1738
2026-06-02T10:41:30.403352+00:00,benchmark_20260602_122935,hive,analysis_1,14m,repeated,3,14158162,2102362680,hdfs://localhost:9000/flight-delay-project/output_benchmark/benchmark_20260602_122935/hive/analysis_1_14m_repeated_3,71.3804,success,/home/emi/Desktop/projects/flight-delay-bigdata-project/results/benchmark/logs/benchmark_20260602_122935_hive_analysis_1_14m_repeated_3.log,beeline -u jdbc:hive2://localhost:10000/default --hiveconf output_dir=hdfs://localhost:9000/flight-delay-project/output_benchmark/benchmark_20260602_122935/hive/analysis_1_14m_repeated_3 -f hive/analysis_1_airline_stats.sql,9,1738
2026-06-02T10:42:47.484503+00:00,benchmark_20260602_122935,hive,analysis_2,100k,repeated,1,100000,14762421,hdfs://localhost:9000/flight-delay-project/output_benchmark/benchmark_20260602_122935/hive/analysis_2_100k_repeated_1,5.0104,success,/home/emi/Desktop/projects/flight-delay-bigdata-project/results/benchmark/logs/benchmark_20260602_122935_hive_analysis_2_100k_repeated_1.log,beeline -u jdbc:hive2://localhost:10000/default --hiveconf output_dir=hdfs://localhost:9000/flight-delay-project/output_benchmark/benchmark_20260602_122935/hive/analysis_2_100k_repeated_1 -f hive/analysis_2_airport_month_delay_report.sql,1,847
2026-06-02T10:42:58.297266+00:00,benchmark_20260602_122935,hive,analysis_2,100k,repeated,2,100000,14762421,hdfs://localhost:9000/flight-delay-project/output_benchmark/benchmark_20260602_122935/hive/analysis_2_100k_repeated_2,4.9514,success,/home/emi/Desktop/projects/flight-delay-bigdata-project/results/benchmark/logs/benchmark_20260602_122935_hive_analysis_2_100k_repeated_2.log,beeline -u jdbc:hive2://localhost:10000/default --hiveconf output_dir=hdfs://localhost:9000/flight-delay-project/output_benchmark/benchmark_20260602_122935/hive/analysis_2_100k_repeated_2 -f hive/analysis_2_airport_month_delay_report.sql,1,847
2026-06-02T10:43:08.951450+00:00,benchmark_20260602_122935,hive,analysis_2,100k,repeated,3,100000,14762421,hdfs://localhost:9000/flight-delay-project/output_benchmark/benchmark_20260602_122935/hive/analysis_2_100k_repeated_3,4.9119,success,/home/emi/Desktop/projects/flight-delay-bigdata-project/results/benchmark/logs/benchmark_20260602_122935_hive_analysis_2_100k_repeated_3.log,beeline -u jdbc:hive2://localhost:10000/default --hiveconf output_dir=hdfs://localhost:9000/flight-delay-project/output_benchmark/benchmark_20260602_122935/hive/analysis_2_100k_repeated_3 -f hive/analysis_2_airport_month_delay_report.sql,1,847
2026-06-02T10:43:19.406966+00:00,benchmark_20260602_122935,hive,analysis_2,500k,repeated,1,500000,73794240,hdfs://localhost:9000/flight-delay-project/output_benchmark/benchmark_20260602_122935/hive/analysis_2_500k_repeated_1,6.9011,success,/home/emi/Desktop/projects/flight-delay-bigdata-project/results/benchmark/logs/benchmark_20260602_122935_hive_analysis_2_500k_repeated_1.log,beeline -u jdbc:hive2://localhost:10000/default --hiveconf output_dir=hdfs://localhost:9000/flight-delay-project/output_benchmark/benchmark_20260602_122935/hive/analysis_2_500k_repeated_1 -f hive/analysis_2_airport_month_delay_report.sql,1,992
2026-06-02T10:43:31.767347+00:00,benchmark_20260602_122935,hive,analysis_2,500k,repeated,2,500000,73794240,hdfs://localhost:9000/flight-delay-project/output_benchmark/benchmark_20260602_122935/hive/analysis_2_500k_repeated_2,6.9222,success,/home/emi/Desktop/projects/flight-delay-bigdata-project/results/benchmark/logs/benchmark_20260602_122935_hive_analysis_2_500k_repeated_2.log,beeline -u jdbc:hive2://localhost:10000/default --hiveconf output_dir=hdfs://localhost:9000/flight-delay-project/output_benchmark/benchmark_20260602_122935/hive/analysis_2_500k_repeated_2 -f hive/analysis_2_airport_month_delay_report.sql,1,992
2026-06-02T10:43:44.114029+00:00,benchmark_20260602_122935,hive,analysis_2,500k,repeated,3,500000,73794240,hdfs://localhost:9000/flight-delay-project/output_benchmark/benchmark_20260602_122935/hive/analysis_2_500k_repeated_3,6.8978,success,/home/emi/Desktop/projects/flight-delay-bigdata-project/results/benchmark/logs/benchmark_20260602_122935_hive_analysis_2_500k_repeated_3.log,beeline -u jdbc:hive2://localhost:10000/default --hiveconf output_dir=hdfs://localhost:9000/flight-delay-project/output_benchmark/benchmark_20260602_122935/hive/analysis_2_500k_repeated_3 -f hive/analysis_2_airport_month_delay_report.sql,1,992
2026-06-02T10:43:56.455127+00:00,benchmark_20260602_122935,hive,analysis_2,1m,repeated,1,1000000,147935473,hdfs://localhost:9000/flight-delay-project/output_benchmark/benchmark_20260602_122935/hive/analysis_2_1m_repeated_1,9.9086,success,/home/emi/Desktop/projects/flight-delay-bigdata-project/results/benchmark/logs/benchmark_20260602_122935_hive_analysis_2_1m_repeated_1.log,beeline -u jdbc:hive2://localhost:10000/default --hiveconf output_dir=hdfs://localhost:9000/flight-delay-project/output_benchmark/benchmark_20260602_122935/hive/analysis_2_1m_repeated_1 -f hive/analysis_2_airport_month_delay_report.sql,1,1959
2026-06-02T10:44:11.833783+00:00,benchmark_20260602_122935,hive,analysis_2,1m,repeated,2,1000000,147935473,hdfs://localhost:9000/flight-delay-project/output_benchmark/benchmark_20260602_122935/hive/analysis_2_1m_repeated_2,9.9094,success,/home/emi/Desktop/projects/flight-delay-bigdata-project/results/benchmark/logs/benchmark_20260602_122935_hive_analysis_2_1m_repeated_2.log,beeline -u jdbc:hive2://localhost:10000/default --hiveconf output_dir=hdfs://localhost:9000/flight-delay-project/output_benchmark/benchmark_20260602_122935/hive/analysis_2_1m_repeated_2 -f hive/analysis_2_airport_month_delay_report.sql,1,1959
2026-06-02T10:44:27.186505+00:00,benchmark_20260602_122935,hive,analysis_2,1m,repeated,3,1000000,147935473,hdfs://localhost:9000/flight-delay-project/output_benchmark/benchmark_20260602_122935/hive/analysis_2_1m_repeated_3,9.8974,success,/home/emi/Desktop/projects/flight-delay-bigdata-project/results/benchmark/logs/benchmark_20260602_122935_hive_analysis_2_1m_repeated_3.log,beeline -u jdbc:hive2://localhost:10000/default --hiveconf output_dir=hdfs://localhost:9000/flight-delay-project/output_benchmark/benchmark_20260602_122935/hive/analysis_2_1m_repeated_3 -f hive/analysis_2_airport_month_delay_report.sql,1,1959
2026-06-02T10:44:42.555524+00:00,benchmark_20260602_122935,hive,analysis_2,3m,repeated,1,3000000,444331337,hdfs://localhost:9000/flight-delay-project/output_benchmark/benchmark_20260602_122935/hive/analysis_2_3m_repeated_1,19.9056,success,/home/emi/Desktop/projects/flight-delay-bigdata-project/results/benchmark/logs/benchmark_20260602_122935_hive_analysis_2_3m_repeated_1.log,beeline -u jdbc:hive2://localhost:10000/default --hiveconf output_dir=hdfs://localhost:9000/flight-delay-project/output_benchmark/benchmark_20260602_122935/hive/analysis_2_3m_repeated_1 -f hive/analysis_2_airport_month_delay_report.sql,1,5830
2026-06-02T10:45:07.932191+00:00,benchmark_20260602_122935,hive,analysis_2,3m,repeated,2,3000000,444331337,hdfs://localhost:9000/flight-delay-project/output_benchmark/benchmark_20260602_122935/hive/analysis_2_3m_repeated_2,19.9021,success,/home/emi/Desktop/projects/flight-delay-bigdata-project/results/benchmark/logs/benchmark_20260602_122935_hive_analysis_2_3m_repeated_2.log,beeline -u jdbc:hive2://localhost:10000/default --hiveconf output_dir=hdfs://localhost:9000/flight-delay-project/output_benchmark/benchmark_20260602_122935/hive/analysis_2_3m_repeated_2 -f hive/analysis_2_airport_month_delay_report.sql,1,5830
2026-06-02T10:45:33.285429+00:00,benchmark_20260602_122935,hive,analysis_2,3m,repeated,3,3000000,444331337,hdfs://localhost:9000/flight-delay-project/output_benchmark/benchmark_20260602_122935/hive/analysis_2_3m_repeated_3,19.9029,success,/home/emi/Desktop/projects/flight-delay-bigdata-project/results/benchmark/logs/benchmark_20260602_122935_hive_analysis_2_3m_repeated_3.log,beeline -u jdbc:hive2://localhost:10000/default --hiveconf output_dir=hdfs://localhost:9000/flight-delay-project/output_benchmark/benchmark_20260602_122935/hive/analysis_2_3m_repeated_3 -f hive/analysis_2_airport_month_delay_report.sql,1,5830
2026-06-02T10:45:58.636119+00:00,benchmark_20260602_122935,hive,analysis_2,7m,repeated,1,7079081,1051181497,hdfs://localhost:9000/flight-delay-project/output_benchmark/benchmark_20260602_122935/hive/analysis_2_7m_repeated_1,41.9324,success,/home/emi/Desktop/projects/flight-delay-bigdata-project/results/benchmark/logs/benchmark_20260602_122935_hive_analysis_2_7m_repeated_1.log,beeline -u jdbc:hive2://localhost:10000/default --hiveconf output_dir=hdfs://localhost:9000/flight-delay-project/output_benchmark/benchmark_20260602_122935/hive/analysis_2_7m_repeated_1 -f hive/analysis_2_airport_month_delay_report.sql,1,11902
2026-06-02T10:46:46.055655+00:00,benchmark_20260602_122935,hive,analysis_2,7m,repeated,2,7079081,1051181497,hdfs://localhost:9000/flight-delay-project/output_benchmark/benchmark_20260602_122935/hive/analysis_2_7m_repeated_2,41.9567,success,/home/emi/Desktop/projects/flight-delay-bigdata-project/results/benchmark/logs/benchmark_20260602_122935_hive_analysis_2_7m_repeated_2.log,beeline -u jdbc:hive2://localhost:10000/default --hiveconf output_dir=hdfs://localhost:9000/flight-delay-project/output_benchmark/benchmark_20260602_122935/hive/analysis_2_7m_repeated_2 -f hive/analysis_2_airport_month_delay_report.sql,1,11902
2026-06-02T10:47:33.480670+00:00,benchmark_20260602_122935,hive,analysis_2,7m,repeated,3,7079081,1051181497,hdfs://localhost:9000/flight-delay-project/output_benchmark/benchmark_20260602_122935/hive/analysis_2_7m_repeated_3,40.9774,success,/home/emi/Desktop/projects/flight-delay-bigdata-project/results/benchmark/logs/benchmark_20260602_122935_hive_analysis_2_7m_repeated_3.log,beeline -u jdbc:hive2://localhost:10000/default --hiveconf output_dir=hdfs://localhost:9000/flight-delay-project/output_benchmark/benchmark_20260602_122935/hive/analysis_2_7m_repeated_3 -f hive/analysis_2_airport_month_delay_report.sql,1,11902
2026-06-02T10:48:19.903251+00:00,benchmark_20260602_122935,hive,analysis_2,10m,repeated,1,10000000,1483850277,hdfs://localhost:9000/flight-delay-project/output_benchmark/benchmark_20260602_122935/hive/analysis_2_10m_repeated_1,56.9440,success,/home/emi/Desktop/projects/flight-delay-bigdata-project/results/benchmark/logs/benchmark_20260602_122935_hive_analysis_2_10m_repeated_1.log,beeline -u jdbc:hive2://localhost:10000/default --hiveconf output_dir=hdfs://localhost:9000/flight-delay-project/output_benchmark/benchmark_20260602_122935/hive/analysis_2_10m_repeated_1 -f hive/analysis_2_airport_month_delay_report.sql,1,11902
2026-06-02T10:49:22.354283+00:00,benchmark_20260602_122935,hive,analysis_2,10m,repeated,2,10000000,1483850277,hdfs://localhost:9000/flight-delay-project/output_benchmark/benchmark_20260602_122935/hive/analysis_2_10m_repeated_2,56.9476,success,/home/emi/Desktop/projects/flight-delay-bigdata-project/results/benchmark/logs/benchmark_20260602_122935_hive_analysis_2_10m_repeated_2.log,beeline -u jdbc:hive2://localhost:10000/default --hiveconf output_dir=hdfs://localhost:9000/flight-delay-project/output_benchmark/benchmark_20260602_122935/hive/analysis_2_10m_repeated_2 -f hive/analysis_2_airport_month_delay_report.sql,1,11902
2026-06-02T10:50:24.850039+00:00,benchmark_20260602_122935,hive,analysis_2,10m,repeated,3,10000000,1483850277,hdfs://localhost:9000/flight-delay-project/output_benchmark/benchmark_20260602_122935/hive/analysis_2_10m_repeated_3,56.9448,success,/home/emi/Desktop/projects/flight-delay-bigdata-project/results/benchmark/logs/benchmark_20260602_122935_hive_analysis_2_10m_repeated_3.log,beeline -u jdbc:hive2://localhost:10000/default --hiveconf output_dir=hdfs://localhost:9000/flight-delay-project/output_benchmark/benchmark_20260602_122935/hive/analysis_2_10m_repeated_3 -f hive/analysis_2_airport_month_delay_report.sql,1,11902
2026-06-02T10:51:27.245950+00:00,benchmark_20260602_122935,hive,analysis_2,14m,repeated,1,14158162,2102362680,hdfs://localhost:9000/flight-delay-project/output_benchmark/benchmark_20260602_122935/hive/analysis_2_14m_repeated_1,78.0103,success,/home/emi/Desktop/projects/flight-delay-bigdata-project/results/benchmark/logs/benchmark_20260602_122935_hive_analysis_2_14m_repeated_1.log,beeline -u jdbc:hive2://localhost:10000/default --hiveconf output_dir=hdfs://localhost:9000/flight-delay-project/output_benchmark/benchmark_20260602_122935/hive/analysis_2_14m_repeated_1 -f hive/analysis_2_airport_month_delay_report.sql,1,11902
2026-06-02T10:52:50.862482+00:00,benchmark_20260602_122935,hive,analysis_2,14m,repeated,2,14158162,2102362680,hdfs://localhost:9000/flight-delay-project/output_benchmark/benchmark_20260602_122935/hive/analysis_2_14m_repeated_2,77.9970,success,/home/emi/Desktop/projects/flight-delay-bigdata-project/results/benchmark/logs/benchmark_20260602_122935_hive_analysis_2_14m_repeated_2.log,beeline -u jdbc:hive2://localhost:10000/default --hiveconf output_dir=hdfs://localhost:9000/flight-delay-project/output_benchmark/benchmark_20260602_122935/hive/analysis_2_14m_repeated_2 -f hive/analysis_2_airport_month_delay_report.sql,1,11902
2026-06-02T10:54:14.422977+00:00,benchmark_20260602_122935,hive,analysis_2,14m,repeated,3,14158162,2102362680,hdfs://localhost:9000/flight-delay-project/output_benchmark/benchmark_20260602_122935/hive/analysis_2_14m_repeated_3,77.9979,success,/home/emi/Desktop/projects/flight-delay-bigdata-project/results/benchmark/logs/benchmark_20260602_122935_hive_analysis_2_14m_repeated_3.log,beeline -u jdbc:hive2://localhost:10000/default --hiveconf output_dir=hdfs://localhost:9000/flight-delay-project/output_benchmark/benchmark_20260602_122935/hive/analysis_2_14m_repeated_3 -f hive/analysis_2_airport_month_delay_report.sql,1,11902
2026-06-02T10:55:37.944946+00:00,benchmark_20260602_122935,hive,analysis_3,100k,repeated,1,100000,14762421,hdfs://localhost:9000/flight-delay-project/output_benchmark/benchmark_20260602_122935/hive/analysis_3_100k_repeated_1,6.0442,success,/home/emi/Desktop/projects/flight-delay-bigdata-project/results/benchmark/logs/benchmark_20260602_122935_hive_analysis_3_100k_repeated_1.log,beeline -u jdbc:hive2://localhost:10000/default --hiveconf output_dir=hdfs://localhost:9000/flight-delay-project/output_benchmark/benchmark_20260602_122935/hive/analysis_3_100k_repeated_1 -f hive/analysis_3_airline_airport_ranking.sql,1,1485
2026-06-02T10:55:49.516392+00:00,benchmark_20260602_122935,hive,analysis_3,100k,repeated,2,100000,14762421,hdfs://localhost:9000/flight-delay-project/output_benchmark/benchmark_20260602_122935/hive/analysis_3_100k_repeated_2,6.0058,success,/home/emi/Desktop/projects/flight-delay-bigdata-project/results/benchmark/logs/benchmark_20260602_122935_hive_analysis_3_100k_repeated_2.log,beeline -u jdbc:hive2://localhost:10000/default --hiveconf output_dir=hdfs://localhost:9000/flight-delay-project/output_benchmark/benchmark_20260602_122935/hive/analysis_3_100k_repeated_2 -f hive/analysis_3_airline_airport_ranking.sql,1,1485
2026-06-02T10:56:01.250938+00:00,benchmark_20260602_122935,hive,analysis_3,100k,repeated,3,100000,14762421,hdfs://localhost:9000/flight-delay-project/output_benchmark/benchmark_20260602_122935/hive/analysis_3_100k_repeated_3,6.0081,success,/home/emi/Desktop/projects/flight-delay-bigdata-project/results/benchmark/logs/benchmark_20260602_122935_hive_analysis_3_100k_repeated_3.log,beeline -u jdbc:hive2://localhost:10000/default --hiveconf output_dir=hdfs://localhost:9000/flight-delay-project/output_benchmark/benchmark_20260602_122935/hive/analysis_3_100k_repeated_3 -f hive/analysis_3_airline_airport_ranking.sql,1,1485
2026-06-02T10:56:12.787541+00:00,benchmark_20260602_122935,hive,analysis_3,500k,repeated,1,500000,73794240,hdfs://localhost:9000/flight-delay-project/output_benchmark/benchmark_20260602_122935/hive/analysis_3_500k_repeated_1,9.9921,success,/home/emi/Desktop/projects/flight-delay-bigdata-project/results/benchmark/logs/benchmark_20260602_122935_hive_analysis_3_500k_repeated_1.log,beeline -u jdbc:hive2://localhost:10000/default --hiveconf output_dir=hdfs://localhost:9000/flight-delay-project/output_benchmark/benchmark_20260602_122935/hive/analysis_3_500k_repeated_1 -f hive/analysis_3_airline_airport_ranking.sql,1,1564
2026-06-02T10:56:28.240667+00:00,benchmark_20260602_122935,hive,analysis_3,500k,repeated,2,500000,73794240,hdfs://localhost:9000/flight-delay-project/output_benchmark/benchmark_20260602_122935/hive/analysis_3_500k_repeated_2,10.0096,success,/home/emi/Desktop/projects/flight-delay-bigdata-project/results/benchmark/logs/benchmark_20260602_122935_hive_analysis_3_500k_repeated_2.log,beeline -u jdbc:hive2://localhost:10000/default --hiveconf output_dir=hdfs://localhost:9000/flight-delay-project/output_benchmark/benchmark_20260602_122935/hive/analysis_3_500k_repeated_2 -f hive/analysis_3_airline_airport_ranking.sql,1,1564
2026-06-02T10:56:43.680883+00:00,benchmark_20260602_122935,hive,analysis_3,500k,repeated,3,500000,73794240,hdfs://localhost:9000/flight-delay-project/output_benchmark/benchmark_20260602_122935/hive/analysis_3_500k_repeated_3,9.9895,success,/home/emi/Desktop/projects/flight-delay-bigdata-project/results/benchmark/logs/benchmark_20260602_122935_hive_analysis_3_500k_repeated_3.log,beeline -u jdbc:hive2://localhost:10000/default --hiveconf output_dir=hdfs://localhost:9000/flight-delay-project/output_benchmark/benchmark_20260602_122935/hive/analysis_3_500k_repeated_3 -f hive/analysis_3_airline_airport_ranking.sql,1,1564
2026-06-02T10:56:59.148751+00:00,benchmark_20260602_122935,hive,analysis_3,1m,repeated,1,1000000,147935473,hdfs://localhost:9000/flight-delay-project/output_benchmark/benchmark_20260602_122935/hive/analysis_3_1m_repeated_1,14.9994,success,/home/emi/Desktop/projects/flight-delay-bigdata-project/results/benchmark/logs/benchmark_20260602_122935_hive_analysis_3_1m_repeated_1.log,beeline -u jdbc:hive2://localhost:10000/default --hiveconf output_dir=hdfs://localhost:9000/flight-delay-project/output_benchmark/benchmark_20260602_122935/hive/analysis_3_1m_repeated_1 -f hive/analysis_3_airline_airport_ranking.sql,1,1586
2026-06-02T10:57:19.548388+00:00,benchmark_20260602_122935,hive,analysis_3,1m,repeated,2,1000000,147935473,hdfs://localhost:9000/flight-delay-project/output_benchmark/benchmark_20260602_122935/hive/analysis_3_1m_repeated_2,14.9884,success,/home/emi/Desktop/projects/flight-delay-bigdata-project/results/benchmark/logs/benchmark_20260602_122935_hive_analysis_3_1m_repeated_2.log,beeline -u jdbc:hive2://localhost:10000/default --hiveconf output_dir=hdfs://localhost:9000/flight-delay-project/output_benchmark/benchmark_20260602_122935/hive/analysis_3_1m_repeated_2 -f hive/analysis_3_airline_airport_ranking.sql,1,1586
2026-06-02T10:57:39.984210+00:00,benchmark_20260602_122935,hive,analysis_3,1m,repeated,3,1000000,147935473,hdfs://localhost:9000/flight-delay-project/output_benchmark/benchmark_20260602_122935/hive/analysis_3_1m_repeated_3,14.9897,success,/home/emi/Desktop/projects/flight-delay-bigdata-project/results/benchmark/logs/benchmark_20260602_122935_hive_analysis_3_1m_repeated_3.log,beeline -u jdbc:hive2://localhost:10000/default --hiveconf output_dir=hdfs://localhost:9000/flight-delay-project/output_benchmark/benchmark_20260602_122935/hive/analysis_3_1m_repeated_3 -f hive/analysis_3_airline_airport_ranking.sql,1,1586
2026-06-02T10:58:00.441588+00:00,benchmark_20260602_122935,hive,analysis_3,3m,repeated,1,3000000,444331337,hdfs://localhost:9000/flight-delay-project/output_benchmark/benchmark_20260602_122935/hive/analysis_3_3m_repeated_1,35.0072,success,/home/emi/Desktop/projects/flight-delay-bigdata-project/results/benchmark/logs/benchmark_20260602_122935_hive_analysis_3_3m_repeated_1.log,beeline -u jdbc:hive2://localhost:10000/default --hiveconf output_dir=hdfs://localhost:9000/flight-delay-project/output_benchmark/benchmark_20260602_122935/hive/analysis_3_3m_repeated_1 -f hive/analysis_3_airline_airport_ranking.sql,1,1682
2026-06-02T10:58:40.941974+00:00,benchmark_20260602_122935,hive,analysis_3,3m,repeated,2,3000000,444331337,hdfs://localhost:9000/flight-delay-project/output_benchmark/benchmark_20260602_122935/hive/analysis_3_3m_repeated_2,34.9935,success,/home/emi/Desktop/projects/flight-delay-bigdata-project/results/benchmark/logs/benchmark_20260602_122935_hive_analysis_3_3m_repeated_2.log,beeline -u jdbc:hive2://localhost:10000/default --hiveconf output_dir=hdfs://localhost:9000/flight-delay-project/output_benchmark/benchmark_20260602_122935/hive/analysis_3_3m_repeated_2 -f hive/analysis_3_airline_airport_ranking.sql,1,1682
2026-06-02T10:59:21.371904+00:00,benchmark_20260602_122935,hive,analysis_3,3m,repeated,3,3000000,444331337,hdfs://localhost:9000/flight-delay-project/output_benchmark/benchmark_20260602_122935/hive/analysis_3_3m_repeated_3,35.0035,success,/home/emi/Desktop/projects/flight-delay-bigdata-project/results/benchmark/logs/benchmark_20260602_122935_hive_analysis_3_3m_repeated_3.log,beeline -u jdbc:hive2://localhost:10000/default --hiveconf output_dir=hdfs://localhost:9000/flight-delay-project/output_benchmark/benchmark_20260602_122935/hive/analysis_3_3m_repeated_3 -f hive/analysis_3_airline_airport_ranking.sql,1,1682
2026-06-02T11:00:01.802675+00:00,benchmark_20260602_122935,hive,analysis_3,7m,repeated,1,7079081,1051181497,hdfs://localhost:9000/flight-delay-project/output_benchmark/benchmark_20260602_122935/hive/analysis_3_7m_repeated_1,75.0749,success,/home/emi/Desktop/projects/flight-delay-bigdata-project/results/benchmark/logs/benchmark_20260602_122935_hive_analysis_3_7m_repeated_1.log,beeline -u jdbc:hive2://localhost:10000/default --hiveconf output_dir=hdfs://localhost:9000/flight-delay-project/output_benchmark/benchmark_20260602_122935/hive/analysis_3_7m_repeated_1 -f hive/analysis_3_airline_airport_ranking.sql,1,1738
2026-06-02T11:01:22.318763+00:00,benchmark_20260602_122935,hive,analysis_3,7m,repeated,2,7079081,1051181497,hdfs://localhost:9000/flight-delay-project/output_benchmark/benchmark_20260602_122935/hive/analysis_3_7m_repeated_2,75.0565,success,/home/emi/Desktop/projects/flight-delay-bigdata-project/results/benchmark/logs/benchmark_20260602_122935_hive_analysis_3_7m_repeated_2.log,beeline -u jdbc:hive2://localhost:10000/default --hiveconf output_dir=hdfs://localhost:9000/flight-delay-project/output_benchmark/benchmark_20260602_122935/hive/analysis_3_7m_repeated_2 -f hive/analysis_3_airline_airport_ranking.sql,1,1738
2026-06-02T11:02:42.827757+00:00,benchmark_20260602_122935,hive,analysis_3,7m,repeated,3,7079081,1051181497,hdfs://localhost:9000/flight-delay-project/output_benchmark/benchmark_20260602_122935/hive/analysis_3_7m_repeated_3,75.0720,success,/home/emi/Desktop/projects/flight-delay-bigdata-project/results/benchmark/logs/benchmark_20260602_122935_hive_analysis_3_7m_repeated_3.log,beeline -u jdbc:hive2://localhost:10000/default --hiveconf output_dir=hdfs://localhost:9000/flight-delay-project/output_benchmark/benchmark_20260602_122935/hive/analysis_3_7m_repeated_3 -f hive/analysis_3_airline_airport_ranking.sql,1,1738
2026-06-02T11:04:03.338992+00:00,benchmark_20260602_122935,hive,analysis_3,10m,repeated,1,10000000,1483850277,hdfs://localhost:9000/flight-delay-project/output_benchmark/benchmark_20260602_122935/hive/analysis_3_10m_repeated_1,103.0993,success,/home/emi/Desktop/projects/flight-delay-bigdata-project/results/benchmark/logs/benchmark_20260602_122935_hive_analysis_3_10m_repeated_1.log,beeline -u jdbc:hive2://localhost:10000/default --hiveconf output_dir=hdfs://localhost:9000/flight-delay-project/output_benchmark/benchmark_20260602_122935/hive/analysis_3_10m_repeated_1 -f hive/analysis_3_airline_airport_ranking.sql,1,1738
2026-06-02T11:05:51.961914+00:00,benchmark_20260602_122935,hive,analysis_3,10m,repeated,2,10000000,1483850277,hdfs://localhost:9000/flight-delay-project/output_benchmark/benchmark_20260602_122935/hive/analysis_3_10m_repeated_2,103.1168,success,/home/emi/Desktop/projects/flight-delay-bigdata-project/results/benchmark/logs/benchmark_20260602_122935_hive_analysis_3_10m_repeated_2.log,beeline -u jdbc:hive2://localhost:10000/default --hiveconf output_dir=hdfs://localhost:9000/flight-delay-project/output_benchmark/benchmark_20260602_122935/hive/analysis_3_10m_repeated_2 -f hive/analysis_3_airline_airport_ranking.sql,1,1738
2026-06-02T11:07:40.494435+00:00,benchmark_20260602_122935,hive,analysis_3,10m,repeated,3,10000000,1483850277,hdfs://localhost:9000/flight-delay-project/output_benchmark/benchmark_20260602_122935/hive/analysis_3_10m_repeated_3,103.0914,success,/home/emi/Desktop/projects/flight-delay-bigdata-project/results/benchmark/logs/benchmark_20260602_122935_hive_analysis_3_10m_repeated_3.log,beeline -u jdbc:hive2://localhost:10000/default --hiveconf output_dir=hdfs://localhost:9000/flight-delay-project/output_benchmark/benchmark_20260602_122935/hive/analysis_3_10m_repeated_3 -f hive/analysis_3_airline_airport_ranking.sql,1,1738
2026-06-02T11:09:29.132152+00:00,benchmark_20260602_122935,hive,analysis_3,14m,repeated,1,14158162,2102362680,hdfs://localhost:9000/flight-delay-project/output_benchmark/benchmark_20260602_122935/hive/analysis_3_14m_repeated_1,144.1871,success,/home/emi/Desktop/projects/flight-delay-bigdata-project/results/benchmark/logs/benchmark_20260602_122935_hive_analysis_3_14m_repeated_1.log,beeline -u jdbc:hive2://localhost:10000/default --hiveconf output_dir=hdfs://localhost:9000/flight-delay-project/output_benchmark/benchmark_20260602_122935/hive/analysis_3_14m_repeated_1 -f hive/analysis_3_airline_airport_ranking.sql,1,1738
2026-06-02T11:11:58.932709+00:00,benchmark_20260602_122935,hive,analysis_3,14m,repeated,2,14158162,2102362680,hdfs://localhost:9000/flight-delay-project/output_benchmark/benchmark_20260602_122935/hive/analysis_3_14m_repeated_2,144.1770,success,/home/emi/Desktop/projects/flight-delay-bigdata-project/results/benchmark/logs/benchmark_20260602_122935_hive_analysis_3_14m_repeated_2.log,beeline -u jdbc:hive2://localhost:10000/default --hiveconf output_dir=hdfs://localhost:9000/flight-delay-project/output_benchmark/benchmark_20260602_122935/hive/analysis_3_14m_repeated_2 -f hive/analysis_3_airline_airport_ranking.sql,1,1738
2026-06-02T11:14:28.575533+00:00,benchmark_20260602_122935,hive,analysis_3,14m,repeated,3,14158162,2102362680,hdfs://localhost:9000/flight-delay-project/output_benchmark/benchmark_20260602_122935/hive/analysis_3_14m_repeated_3,144.1596,success,/home/emi/Desktop/projects/flight-delay-bigdata-project/results/benchmark/logs/benchmark_20260602_122935_hive_analysis_3_14m_repeated_3.log,beeline -u jdbc:hive2://localhost:10000/default --hiveconf output_dir=hdfs://localhost:9000/flight-delay-project/output_benchmark/benchmark_20260602_122935/hive/analysis_3_14m_repeated_3 -f hive/analysis_3_airline_airport_ranking.sql,1,1738
2026-06-02T11:17:04.124561+00:00,benchmark_20260602_122935,spark_sql,analysis_1,100k,repeated,1,100000,14762421,hdfs://localhost:9000/flight-delay-project/output_benchmark/benchmark_20260602_122935/spark_sql/analysis_1_100k_repeated_1,9.3916,success,/home/emi/Desktop/projects/flight-delay-bigdata-project/results/benchmark/logs/benchmark_20260602_122935_spark_sql_analysis_1_100k_repeated_1.log,spark-submit --master 'local[*]' --driver-memory 5g --conf spark.sql.shuffle.partitions=64 spark_sql/analysis_1_airline_stats.py --input hdfs://localhost:9000/flight-delay-project/input/100k/flights.csv --output hdfs://localhost:9000/flight-delay-project/output_benchmark/benchmark_20260602_122935/spark_sql/analysis_1_100k_repeated_1,1,1485
2026-06-02T11:17:17.959534+00:00,benchmark_20260602_122935,spark_sql,analysis_1,100k,repeated,2,100000,14762421,hdfs://localhost:9000/flight-delay-project/output_benchmark/benchmark_20260602_122935/spark_sql/analysis_1_100k_repeated_2,6.3100,success,/home/emi/Desktop/projects/flight-delay-bigdata-project/results/benchmark/logs/benchmark_20260602_122935_spark_sql_analysis_1_100k_repeated_2.log,spark-submit --master 'local[*]' --driver-memory 5g --conf spark.sql.shuffle.partitions=64 spark_sql/analysis_1_airline_stats.py --input hdfs://localhost:9000/flight-delay-project/input/100k/flights.csv --output hdfs://localhost:9000/flight-delay-project/output_benchmark/benchmark_20260602_122935/spark_sql/analysis_1_100k_repeated_2,1,1485
2026-06-02T11:17:28.701912+00:00,benchmark_20260602_122935,spark_sql,analysis_1,100k,repeated,3,100000,14762421,hdfs://localhost:9000/flight-delay-project/output_benchmark/benchmark_20260602_122935/spark_sql/analysis_1_100k_repeated_3,6.8751,success,/home/emi/Desktop/projects/flight-delay-bigdata-project/results/benchmark/logs/benchmark_20260602_122935_spark_sql_analysis_1_100k_repeated_3.log,spark-submit --master 'local[*]' --driver-memory 5g --conf spark.sql.shuffle.partitions=64 spark_sql/analysis_1_airline_stats.py --input hdfs://localhost:9000/flight-delay-project/input/100k/flights.csv --output hdfs://localhost:9000/flight-delay-project/output_benchmark/benchmark_20260602_122935/spark_sql/analysis_1_100k_repeated_3,1,1485
2026-06-02T11:17:40.036768+00:00,benchmark_20260602_122935,spark_sql,analysis_1,500k,repeated,1,500000,73794240,hdfs://localhost:9000/flight-delay-project/output_benchmark/benchmark_20260602_122935/spark_sql/analysis_1_500k_repeated_1,7.3644,success,/home/emi/Desktop/projects/flight-delay-bigdata-project/results/benchmark/logs/benchmark_20260602_122935_spark_sql_analysis_1_500k_repeated_1.log,spark-submit --master 'local[*]' --driver-memory 5g --conf spark.sql.shuffle.partitions=64 spark_sql/analysis_1_airline_stats.py --input hdfs://localhost:9000/flight-delay-project/input/500k/flights.csv --output hdfs://localhost:9000/flight-delay-project/output_benchmark/benchmark_20260602_122935/spark_sql/analysis_1_500k_repeated_1,1,1564
2026-06-02T11:17:51.856952+00:00,benchmark_20260602_122935,spark_sql,analysis_1,500k,repeated,2,500000,73794240,hdfs://localhost:9000/flight-delay-project/output_benchmark/benchmark_20260602_122935/spark_sql/analysis_1_500k_repeated_2,7.8541,success,/home/emi/Desktop/projects/flight-delay-bigdata-project/results/benchmark/logs/benchmark_20260602_122935_spark_sql_analysis_1_500k_repeated_2.log,spark-submit --master 'local[*]' --driver-memory 5g --conf spark.sql.shuffle.partitions=64 spark_sql/analysis_1_airline_stats.py --input hdfs://localhost:9000/flight-delay-project/input/500k/flights.csv --output hdfs://localhost:9000/flight-delay-project/output_benchmark/benchmark_20260602_122935/spark_sql/analysis_1_500k_repeated_2,1,1564
2026-06-02T11:18:04.143595+00:00,benchmark_20260602_122935,spark_sql,analysis_1,500k,repeated,3,500000,73794240,hdfs://localhost:9000/flight-delay-project/output_benchmark/benchmark_20260602_122935/spark_sql/analysis_1_500k_repeated_3,7.8418,success,/home/emi/Desktop/projects/flight-delay-bigdata-project/results/benchmark/logs/benchmark_20260602_122935_spark_sql_analysis_1_500k_repeated_3.log,spark-submit --master 'local[*]' --driver-memory 5g --conf spark.sql.shuffle.partitions=64 spark_sql/analysis_1_airline_stats.py --input hdfs://localhost:9000/flight-delay-project/input/500k/flights.csv --output hdfs://localhost:9000/flight-delay-project/output_benchmark/benchmark_20260602_122935/spark_sql/analysis_1_500k_repeated_3,1,1564
2026-06-02T11:18:16.414483+00:00,benchmark_20260602_122935,spark_sql,analysis_1,1m,repeated,1,1000000,147935473,hdfs://localhost:9000/flight-delay-project/output_benchmark/benchmark_20260602_122935/spark_sql/analysis_1_1m_repeated_1,7.8835,success,/home/emi/Desktop/projects/flight-delay-bigdata-project/results/benchmark/logs/benchmark_20260602_122935_spark_sql_analysis_1_1m_repeated_1.log,spark-submit --master 'local[*]' --driver-memory 5g --conf spark.sql.shuffle.partitions=64 spark_sql/analysis_1_airline_stats.py --input hdfs://localhost:9000/flight-delay-project/input/1m/flights.csv --output hdfs://localhost:9000/flight-delay-project/output_benchmark/benchmark_20260602_122935/spark_sql/analysis_1_1m_repeated_1,1,1586
2026-06-02T11:18:28.733638+00:00,benchmark_20260602_122935,spark_sql,analysis_1,1m,repeated,2,1000000,147935473,hdfs://localhost:9000/flight-delay-project/output_benchmark/benchmark_20260602_122935/spark_sql/analysis_1_1m_repeated_2,7.8906,success,/home/emi/Desktop/projects/flight-delay-bigdata-project/results/benchmark/logs/benchmark_20260602_122935_spark_sql_analysis_1_1m_repeated_2.log,spark-submit --master 'local[*]' --driver-memory 5g --conf spark.sql.shuffle.partitions=64 spark_sql/analysis_1_airline_stats.py --input hdfs://localhost:9000/flight-delay-project/input/1m/flights.csv --output hdfs://localhost:9000/flight-delay-project/output_benchmark/benchmark_20260602_122935/spark_sql/analysis_1_1m_repeated_2,1,1586
2026-06-02T11:18:41.069105+00:00,benchmark_20260602_122935,spark_sql,analysis_1,1m,repeated,3,1000000,147935473,hdfs://localhost:9000/flight-delay-project/output_benchmark/benchmark_20260602_122935/spark_sql/analysis_1_1m_repeated_3,7.9215,success,/home/emi/Desktop/projects/flight-delay-bigdata-project/results/benchmark/logs/benchmark_20260602_122935_spark_sql_analysis_1_1m_repeated_3.log,spark-submit --master 'local[*]' --driver-memory 5g --conf spark.sql.shuffle.partitions=64 spark_sql/analysis_1_airline_stats.py --input hdfs://localhost:9000/flight-delay-project/input/1m/flights.csv --output hdfs://localhost:9000/flight-delay-project/output_benchmark/benchmark_20260602_122935/spark_sql/analysis_1_1m_repeated_3,1,1586
2026-06-02T11:18:53.454892+00:00,benchmark_20260602_122935,spark_sql,analysis_1,3m,repeated,1,3000000,444331337,hdfs://localhost:9000/flight-delay-project/output_benchmark/benchmark_20260602_122935/spark_sql/analysis_1_3m_repeated_1,8.9091,success,/home/emi/Desktop/projects/flight-delay-bigdata-project/results/benchmark/logs/benchmark_20260602_122935_spark_sql_analysis_1_3m_repeated_1.log,spark-submit --master 'local[*]' --driver-memory 5g --conf spark.sql.shuffle.partitions=64 spark_sql/analysis_1_airline_stats.py --input hdfs://localhost:9000/flight-delay-project/input/3m/flights.csv --output hdfs://localhost:9000/flight-delay-project/output_benchmark/benchmark_20260602_122935/spark_sql/analysis_1_3m_repeated_1,1,1682
2026-06-02T11:19:06.906711+00:00,benchmark_20260602_122935,spark_sql,analysis_1,3m,repeated,2,3000000,444331337,hdfs://localhost:9000/flight-delay-project/output_benchmark/benchmark_20260602_122935/spark_sql/analysis_1_3m_repeated_2,8.9015,success,/home/emi/Desktop/projects/flight-delay-bigdata-project/results/benchmark/logs/benchmark_20260602_122935_spark_sql_analysis_1_3m_repeated_2.log,spark-submit --master 'local[*]' --driver-memory 5g --conf spark.sql.shuffle.partitions=64 spark_sql/analysis_1_airline_stats.py --input hdfs://localhost:9000/flight-delay-project/input/3m/flights.csv --output hdfs://localhost:9000/flight-delay-project/output_benchmark/benchmark_20260602_122935/spark_sql/analysis_1_3m_repeated_2,1,1682
2026-06-02T11:19:20.245819+00:00,benchmark_20260602_122935,spark_sql,analysis_1,3m,repeated,3,3000000,444331337,hdfs://localhost:9000/flight-delay-project/output_benchmark/benchmark_20260602_122935/spark_sql/analysis_1_3m_repeated_3,8.9160,success,/home/emi/Desktop/projects/flight-delay-bigdata-project/results/benchmark/logs/benchmark_20260602_122935_spark_sql_analysis_1_3m_repeated_3.log,spark-submit --master 'local[*]' --driver-memory 5g --conf spark.sql.shuffle.partitions=64 spark_sql/analysis_1_airline_stats.py --input hdfs://localhost:9000/flight-delay-project/input/3m/flights.csv --output hdfs://localhost:9000/flight-delay-project/output_benchmark/benchmark_20260602_122935/spark_sql/analysis_1_3m_repeated_3,1,1682
2026-06-02T11:19:33.657973+00:00,benchmark_20260602_122935,spark_sql,analysis_1,7m,repeated,1,7079081,1051181497,hdfs://localhost:9000/flight-delay-project/output_benchmark/benchmark_20260602_122935/spark_sql/analysis_1_7m_repeated_1,11.5565,success,/home/emi/Desktop/projects/flight-delay-bigdata-project/results/benchmark/logs/benchmark_20260602_122935_spark_sql_analysis_1_7m_repeated_1.log,spark-submit --master 'local[*]' --driver-memory 5g --conf spark.sql.shuffle.partitions=64 spark_sql/analysis_1_airline_stats.py --input hdfs://localhost:9000/flight-delay-project/input/7m/flights.csv --output hdfs://localhost:9000/flight-delay-project/output_benchmark/benchmark_20260602_122935/spark_sql/analysis_1_7m_repeated_1,1,1738
2026-06-02T11:19:49.678564+00:00,benchmark_20260602_122935,spark_sql,analysis_1,7m,repeated,2,7079081,1051181497,hdfs://localhost:9000/flight-delay-project/output_benchmark/benchmark_20260602_122935/spark_sql/analysis_1_7m_repeated_2,11.8976,success,/home/emi/Desktop/projects/flight-delay-bigdata-project/results/benchmark/logs/benchmark_20260602_122935_spark_sql_analysis_1_7m_repeated_2.log,spark-submit --master 'local[*]' --driver-memory 5g --conf spark.sql.shuffle.partitions=64 spark_sql/analysis_1_airline_stats.py --input hdfs://localhost:9000/flight-delay-project/input/7m/flights.csv --output hdfs://localhost:9000/flight-delay-project/output_benchmark/benchmark_20260602_122935/spark_sql/analysis_1_7m_repeated_2,1,1738
2026-06-02T11:20:06.088325+00:00,benchmark_20260602_122935,spark_sql,analysis_1,7m,repeated,3,7079081,1051181497,hdfs://localhost:9000/flight-delay-project/output_benchmark/benchmark_20260602_122935/spark_sql/analysis_1_7m_repeated_3,11.9111,success,/home/emi/Desktop/projects/flight-delay-bigdata-project/results/benchmark/logs/benchmark_20260602_122935_spark_sql_analysis_1_7m_repeated_3.log,spark-submit --master 'local[*]' --driver-memory 5g --conf spark.sql.shuffle.partitions=64 spark_sql/analysis_1_airline_stats.py --input hdfs://localhost:9000/flight-delay-project/input/7m/flights.csv --output hdfs://localhost:9000/flight-delay-project/output_benchmark/benchmark_20260602_122935/spark_sql/analysis_1_7m_repeated_3,1,1738
2026-06-02T11:20:22.487944+00:00,benchmark_20260602_122935,spark_sql,analysis_1,10m,repeated,1,10000000,1483850277,hdfs://localhost:9000/flight-delay-project/output_benchmark/benchmark_20260602_122935/spark_sql/analysis_1_10m_repeated_1,12.9958,success,/home/emi/Desktop/projects/flight-delay-bigdata-project/results/benchmark/logs/benchmark_20260602_122935_spark_sql_analysis_1_10m_repeated_1.log,spark-submit --master 'local[*]' --driver-memory 5g --conf spark.sql.shuffle.partitions=64 spark_sql/analysis_1_airline_stats.py --input hdfs://localhost:9000/flight-delay-project/input/10m/flights.csv --output hdfs://localhost:9000/flight-delay-project/output_benchmark/benchmark_20260602_122935/spark_sql/analysis_1_10m_repeated_1,1,1738
2026-06-02T11:20:39.915871+00:00,benchmark_20260602_122935,spark_sql,analysis_1,10m,repeated,2,10000000,1483850277,hdfs://localhost:9000/flight-delay-project/output_benchmark/benchmark_20260602_122935/spark_sql/analysis_1_10m_repeated_2,13.4250,success,/home/emi/Desktop/projects/flight-delay-bigdata-project/results/benchmark/logs/benchmark_20260602_122935_spark_sql_analysis_1_10m_repeated_2.log,spark-submit --master 'local[*]' --driver-memory 5g --conf spark.sql.shuffle.partitions=64 spark_sql/analysis_1_airline_stats.py --input hdfs://localhost:9000/flight-delay-project/input/10m/flights.csv --output hdfs://localhost:9000/flight-delay-project/output_benchmark/benchmark_20260602_122935/spark_sql/analysis_1_10m_repeated_2,1,1738
2026-06-02T11:20:57.769383+00:00,benchmark_20260602_122935,spark_sql,analysis_1,10m,repeated,3,10000000,1483850277,hdfs://localhost:9000/flight-delay-project/output_benchmark/benchmark_20260602_122935/spark_sql/analysis_1_10m_repeated_3,13.9325,success,/home/emi/Desktop/projects/flight-delay-bigdata-project/results/benchmark/logs/benchmark_20260602_122935_spark_sql_analysis_1_10m_repeated_3.log,spark-submit --master 'local[*]' --driver-memory 5g --conf spark.sql.shuffle.partitions=64 spark_sql/analysis_1_airline_stats.py --input hdfs://localhost:9000/flight-delay-project/input/10m/flights.csv --output hdfs://localhost:9000/flight-delay-project/output_benchmark/benchmark_20260602_122935/spark_sql/analysis_1_10m_repeated_3,1,1738
2026-06-02T11:21:16.159036+00:00,benchmark_20260602_122935,spark_sql,analysis_1,14m,repeated,1,14158162,2102362680,hdfs://localhost:9000/flight-delay-project/output_benchmark/benchmark_20260602_122935/spark_sql/analysis_1_14m_repeated_1,16.4382,success,/home/emi/Desktop/projects/flight-delay-bigdata-project/results/benchmark/logs/benchmark_20260602_122935_spark_sql_analysis_1_14m_repeated_1.log,spark-submit --master 'local[*]' --driver-memory 5g --conf spark.sql.shuffle.partitions=64 spark_sql/analysis_1_airline_stats.py --input hdfs://localhost:9000/flight-delay-project/input/14m/flights.csv --output hdfs://localhost:9000/flight-delay-project/output_benchmark/benchmark_20260602_122935/spark_sql/analysis_1_14m_repeated_1,1,1738
2026-06-02T11:21:37.036454+00:00,benchmark_20260602_122935,spark_sql,analysis_1,14m,repeated,2,14158162,2102362680,hdfs://localhost:9000/flight-delay-project/output_benchmark/benchmark_20260602_122935/spark_sql/analysis_1_14m_repeated_2,15.9588,success,/home/emi/Desktop/projects/flight-delay-bigdata-project/results/benchmark/logs/benchmark_20260602_122935_spark_sql_analysis_1_14m_repeated_2.log,spark-submit --master 'local[*]' --driver-memory 5g --conf spark.sql.shuffle.partitions=64 spark_sql/analysis_1_airline_stats.py --input hdfs://localhost:9000/flight-delay-project/input/14m/flights.csv --output hdfs://localhost:9000/flight-delay-project/output_benchmark/benchmark_20260602_122935/spark_sql/analysis_1_14m_repeated_2,1,1738
2026-06-02T11:21:57.449613+00:00,benchmark_20260602_122935,spark_sql,analysis_1,14m,repeated,3,14158162,2102362680,hdfs://localhost:9000/flight-delay-project/output_benchmark/benchmark_20260602_122935/spark_sql/analysis_1_14m_repeated_3,16.0681,success,/home/emi/Desktop/projects/flight-delay-bigdata-project/results/benchmark/logs/benchmark_20260602_122935_spark_sql_analysis_1_14m_repeated_3.log,spark-submit --master 'local[*]' --driver-memory 5g --conf spark.sql.shuffle.partitions=64 spark_sql/analysis_1_airline_stats.py --input hdfs://localhost:9000/flight-delay-project/input/14m/flights.csv --output hdfs://localhost:9000/flight-delay-project/output_benchmark/benchmark_20260602_122935/spark_sql/analysis_1_14m_repeated_3,1,1738
2026-06-02T11:22:18.024346+00:00,benchmark_20260602_122935,spark_sql,analysis_2,100k,repeated,1,100000,14762421,hdfs://localhost:9000/flight-delay-project/output_benchmark/benchmark_20260602_122935/spark_sql/analysis_2_100k_repeated_1,7.3106,success,/home/emi/Desktop/projects/flight-delay-bigdata-project/results/benchmark/logs/benchmark_20260602_122935_spark_sql_analysis_2_100k_repeated_1.log,spark-submit --master 'local[*]' --driver-memory 5g --conf spark.sql.shuffle.partitions=64 spark_sql/analysis_2_airport_month_delay_report.py --input hdfs://localhost:9000/flight-delay-project/input/100k/flights.csv --output hdfs://localhost:9000/flight-delay-project/output_benchmark/benchmark_20260602_122935/spark_sql/analysis_2_100k_repeated_1,1,847
2026-06-02T11:22:29.785952+00:00,benchmark_20260602_122935,spark_sql,analysis_2,100k,repeated,2,100000,14762421,hdfs://localhost:9000/flight-delay-project/output_benchmark/benchmark_20260602_122935/spark_sql/analysis_2_100k_repeated_2,7.4294,success,/home/emi/Desktop/projects/flight-delay-bigdata-project/results/benchmark/logs/benchmark_20260602_122935_spark_sql_analysis_2_100k_repeated_2.log,spark-submit --master 'local[*]' --driver-memory 5g --conf spark.sql.shuffle.partitions=64 spark_sql/analysis_2_airport_month_delay_report.py --input hdfs://localhost:9000/flight-delay-project/input/100k/flights.csv --output hdfs://localhost:9000/flight-delay-project/output_benchmark/benchmark_20260602_122935/spark_sql/analysis_2_100k_repeated_2,1,847
2026-06-02T11:22:41.670315+00:00,benchmark_20260602_122935,spark_sql,analysis_2,100k,repeated,3,100000,14762421,hdfs://localhost:9000/flight-delay-project/output_benchmark/benchmark_20260602_122935/spark_sql/analysis_2_100k_repeated_3,7.3804,success,/home/emi/Desktop/projects/flight-delay-bigdata-project/results/benchmark/logs/benchmark_20260602_122935_spark_sql_analysis_2_100k_repeated_3.log,spark-submit --master 'local[*]' --driver-memory 5g --conf spark.sql.shuffle.partitions=64 spark_sql/analysis_2_airport_month_delay_report.py --input hdfs://localhost:9000/flight-delay-project/input/100k/flights.csv --output hdfs://localhost:9000/flight-delay-project/output_benchmark/benchmark_20260602_122935/spark_sql/analysis_2_100k_repeated_3,1,847
2026-06-02T11:22:53.510389+00:00,benchmark_20260602_122935,spark_sql,analysis_2,500k,repeated,1,500000,73794240,hdfs://localhost:9000/flight-delay-project/output_benchmark/benchmark_20260602_122935/spark_sql/analysis_2_500k_repeated_1,8.3784,success,/home/emi/Desktop/projects/flight-delay-bigdata-project/results/benchmark/logs/benchmark_20260602_122935_spark_sql_analysis_2_500k_repeated_1.log,spark-submit --master 'local[*]' --driver-memory 5g --conf spark.sql.shuffle.partitions=64 spark_sql/analysis_2_airport_month_delay_report.py --input hdfs://localhost:9000/flight-delay-project/input/500k/flights.csv --output hdfs://localhost:9000/flight-delay-project/output_benchmark/benchmark_20260602_122935/spark_sql/analysis_2_500k_repeated_1,1,992
2026-06-02T11:23:06.368768+00:00,benchmark_20260602_122935,spark_sql,analysis_2,500k,repeated,2,500000,73794240,hdfs://localhost:9000/flight-delay-project/output_benchmark/benchmark_20260602_122935/spark_sql/analysis_2_500k_repeated_2,8.3466,success,/home/emi/Desktop/projects/flight-delay-bigdata-project/results/benchmark/logs/benchmark_20260602_122935_spark_sql_analysis_2_500k_repeated_2.log,spark-submit --master 'local[*]' --driver-memory 5g --conf spark.sql.shuffle.partitions=64 spark_sql/analysis_2_airport_month_delay_report.py --input hdfs://localhost:9000/flight-delay-project/input/500k/flights.csv --output hdfs://localhost:9000/flight-delay-project/output_benchmark/benchmark_20260602_122935/spark_sql/analysis_2_500k_repeated_2,1,992
2026-06-02T11:23:19.171308+00:00,benchmark_20260602_122935,spark_sql,analysis_2,500k,repeated,3,500000,73794240,hdfs://localhost:9000/flight-delay-project/output_benchmark/benchmark_20260602_122935/spark_sql/analysis_2_500k_repeated_3,8.3530,success,/home/emi/Desktop/projects/flight-delay-bigdata-project/results/benchmark/logs/benchmark_20260602_122935_spark_sql_analysis_2_500k_repeated_3.log,spark-submit --master 'local[*]' --driver-memory 5g --conf spark.sql.shuffle.partitions=64 spark_sql/analysis_2_airport_month_delay_report.py --input hdfs://localhost:9000/flight-delay-project/input/500k/flights.csv --output hdfs://localhost:9000/flight-delay-project/output_benchmark/benchmark_20260602_122935/spark_sql/analysis_2_500k_repeated_3,1,992
2026-06-02T11:23:31.992925+00:00,benchmark_20260602_122935,spark_sql,analysis_2,1m,repeated,1,1000000,147935473,hdfs://localhost:9000/flight-delay-project/output_benchmark/benchmark_20260602_122935/spark_sql/analysis_2_1m_repeated_1,8.3613,success,/home/emi/Desktop/projects/flight-delay-bigdata-project/results/benchmark/logs/benchmark_20260602_122935_spark_sql_analysis_2_1m_repeated_1.log,spark-submit --master 'local[*]' --driver-memory 5g --conf spark.sql.shuffle.partitions=64 spark_sql/analysis_2_airport_month_delay_report.py --input hdfs://localhost:9000/flight-delay-project/input/1m/flights.csv --output hdfs://localhost:9000/flight-delay-project/output_benchmark/benchmark_20260602_122935/spark_sql/analysis_2_1m_repeated_1,1,1959
2026-06-02T11:23:44.819129+00:00,benchmark_20260602_122935,spark_sql,analysis_2,1m,repeated,2,1000000,147935473,hdfs://localhost:9000/flight-delay-project/output_benchmark/benchmark_20260602_122935/spark_sql/analysis_2_1m_repeated_2,8.5159,success,/home/emi/Desktop/projects/flight-delay-bigdata-project/results/benchmark/logs/benchmark_20260602_122935_spark_sql_analysis_2_1m_repeated_2.log,spark-submit --master 'local[*]' --driver-memory 5g --conf spark.sql.shuffle.partitions=64 spark_sql/analysis_2_airport_month_delay_report.py --input hdfs://localhost:9000/flight-delay-project/input/1m/flights.csv --output hdfs://localhost:9000/flight-delay-project/output_benchmark/benchmark_20260602_122935/spark_sql/analysis_2_1m_repeated_2,1,1959
2026-06-02T11:23:57.827685+00:00,benchmark_20260602_122935,spark_sql,analysis_2,1m,repeated,3,1000000,147935473,hdfs://localhost:9000/flight-delay-project/output_benchmark/benchmark_20260602_122935/spark_sql/analysis_2_1m_repeated_3,8.3603,success,/home/emi/Desktop/projects/flight-delay-bigdata-project/results/benchmark/logs/benchmark_20260602_122935_spark_sql_analysis_2_1m_repeated_3.log,spark-submit --master 'local[*]' --driver-memory 5g --conf spark.sql.shuffle.partitions=64 spark_sql/analysis_2_airport_month_delay_report.py --input hdfs://localhost:9000/flight-delay-project/input/1m/flights.csv --output hdfs://localhost:9000/flight-delay-project/output_benchmark/benchmark_20260602_122935/spark_sql/analysis_2_1m_repeated_3,1,1959
2026-06-02T11:24:10.669571+00:00,benchmark_20260602_122935,spark_sql,analysis_2,3m,repeated,1,3000000,444331337,hdfs://localhost:9000/flight-delay-project/output_benchmark/benchmark_20260602_122935/spark_sql/analysis_2_3m_repeated_1,9.3779,success,/home/emi/Desktop/projects/flight-delay-bigdata-project/results/benchmark/logs/benchmark_20260602_122935_spark_sql_analysis_2_3m_repeated_1.log,spark-submit --master 'local[*]' --driver-memory 5g --conf spark.sql.shuffle.partitions=64 spark_sql/analysis_2_airport_month_delay_report.py --input hdfs://localhost:9000/flight-delay-project/input/3m/flights.csv --output hdfs://localhost:9000/flight-delay-project/output_benchmark/benchmark_20260602_122935/spark_sql/analysis_2_3m_repeated_1,1,5830
2026-06-02T11:24:24.539779+00:00,benchmark_20260602_122935,spark_sql,analysis_2,3m,repeated,2,3000000,444331337,hdfs://localhost:9000/flight-delay-project/output_benchmark/benchmark_20260602_122935/spark_sql/analysis_2_3m_repeated_2,9.4098,success,/home/emi/Desktop/projects/flight-delay-bigdata-project/results/benchmark/logs/benchmark_20260602_122935_spark_sql_analysis_2_3m_repeated_2.log,spark-submit --master 'local[*]' --driver-memory 5g --conf spark.sql.shuffle.partitions=64 spark_sql/analysis_2_airport_month_delay_report.py --input hdfs://localhost:9000/flight-delay-project/input/3m/flights.csv --output hdfs://localhost:9000/flight-delay-project/output_benchmark/benchmark_20260602_122935/spark_sql/analysis_2_3m_repeated_2,1,5830
2026-06-02T11:24:38.407140+00:00,benchmark_20260602_122935,spark_sql,analysis_2,3m,repeated,3,3000000,444331337,hdfs://localhost:9000/flight-delay-project/output_benchmark/benchmark_20260602_122935/spark_sql/analysis_2_3m_repeated_3,9.3916,success,/home/emi/Desktop/projects/flight-delay-bigdata-project/results/benchmark/logs/benchmark_20260602_122935_spark_sql_analysis_2_3m_repeated_3.log,spark-submit --master 'local[*]' --driver-memory 5g --conf spark.sql.shuffle.partitions=64 spark_sql/analysis_2_airport_month_delay_report.py --input hdfs://localhost:9000/flight-delay-project/input/3m/flights.csv --output hdfs://localhost:9000/flight-delay-project/output_benchmark/benchmark_20260602_122935/spark_sql/analysis_2_3m_repeated_3,1,5830
2026-06-02T11:24:52.230516+00:00,benchmark_20260602_122935,spark_sql,analysis_2,7m,repeated,1,7079081,1051181497,hdfs://localhost:9000/flight-delay-project/output_benchmark/benchmark_20260602_122935/spark_sql/analysis_2_7m_repeated_1,11.3677,success,/home/emi/Desktop/projects/flight-delay-bigdata-project/results/benchmark/logs/benchmark_20260602_122935_spark_sql_analysis_2_7m_repeated_1.log,spark-submit --master 'local[*]' --driver-memory 5g --conf spark.sql.shuffle.partitions=64 spark_sql/analysis_2_airport_month_delay_report.py --input hdfs://localhost:9000/flight-delay-project/input/7m/flights.csv --output hdfs://localhost:9000/flight-delay-project/output_benchmark/benchmark_20260602_122935/spark_sql/analysis_2_7m_repeated_1,1,11902
2026-06-02T11:25:08.090704+00:00,benchmark_20260602_122935,spark_sql,analysis_2,7m,repeated,2,7079081,1051181497,hdfs://localhost:9000/flight-delay-project/output_benchmark/benchmark_20260602_122935/spark_sql/analysis_2_7m_repeated_2,11.4571,success,/home/emi/Desktop/projects/flight-delay-bigdata-project/results/benchmark/logs/benchmark_20260602_122935_spark_sql_analysis_2_7m_repeated_2.log,spark-submit --master 'local[*]' --driver-memory 5g --conf spark.sql.shuffle.partitions=64 spark_sql/analysis_2_airport_month_delay_report.py --input hdfs://localhost:9000/flight-delay-project/input/7m/flights.csv --output hdfs://localhost:9000/flight-delay-project/output_benchmark/benchmark_20260602_122935/spark_sql/analysis_2_7m_repeated_2,1,11902
2026-06-02T11:25:24.016506+00:00,benchmark_20260602_122935,spark_sql,analysis_2,7m,repeated,3,7079081,1051181497,hdfs://localhost:9000/flight-delay-project/output_benchmark/benchmark_20260602_122935/spark_sql/analysis_2_7m_repeated_3,11.3673,success,/home/emi/Desktop/projects/flight-delay-bigdata-project/results/benchmark/logs/benchmark_20260602_122935_spark_sql_analysis_2_7m_repeated_3.log,spark-submit --master 'local[*]' --driver-memory 5g --conf spark.sql.shuffle.partitions=64 spark_sql/analysis_2_airport_month_delay_report.py --input hdfs://localhost:9000/flight-delay-project/input/7m/flights.csv --output hdfs://localhost:9000/flight-delay-project/output_benchmark/benchmark_20260602_122935/spark_sql/analysis_2_7m_repeated_3,1,11902
2026-06-02T11:25:39.876446+00:00,benchmark_20260602_122935,spark_sql,analysis_2,10m,repeated,1,10000000,1483850277,hdfs://localhost:9000/flight-delay-project/output_benchmark/benchmark_20260602_122935/spark_sql/analysis_2_10m_repeated_1,12.3927,success,/home/emi/Desktop/projects/flight-delay-bigdata-project/results/benchmark/logs/benchmark_20260602_122935_spark_sql_analysis_2_10m_repeated_1.log,spark-submit --master 'local[*]' --driver-memory 5g --conf spark.sql.shuffle.partitions=64 spark_sql/analysis_2_airport_month_delay_report.py --input hdfs://localhost:9000/flight-delay-project/input/10m/flights.csv --output hdfs://localhost:9000/flight-delay-project/output_benchmark/benchmark_20260602_122935/spark_sql/analysis_2_10m_repeated_1,1,11902
2026-06-02T11:25:56.725216+00:00,benchmark_20260602_122935,spark_sql,analysis_2,10m,repeated,2,10000000,1483850277,hdfs://localhost:9000/flight-delay-project/output_benchmark/benchmark_20260602_122935/spark_sql/analysis_2_10m_repeated_2,12.3724,success,/home/emi/Desktop/projects/flight-delay-bigdata-project/results/benchmark/logs/benchmark_20260602_122935_spark_sql_analysis_2_10m_repeated_2.log,spark-submit --master 'local[*]' --driver-memory 5g --conf spark.sql.shuffle.partitions=64 spark_sql/analysis_2_airport_month_delay_report.py --input hdfs://localhost:9000/flight-delay-project/input/10m/flights.csv --output hdfs://localhost:9000/flight-delay-project/output_benchmark/benchmark_20260602_122935/spark_sql/analysis_2_10m_repeated_2,1,11902
2026-06-02T11:26:13.572153+00:00,benchmark_20260602_122935,spark_sql,analysis_2,10m,repeated,3,10000000,1483850277,hdfs://localhost:9000/flight-delay-project/output_benchmark/benchmark_20260602_122935/spark_sql/analysis_2_10m_repeated_3,12.4168,success,/home/emi/Desktop/projects/flight-delay-bigdata-project/results/benchmark/logs/benchmark_20260602_122935_spark_sql_analysis_2_10m_repeated_3.log,spark-submit --master 'local[*]' --driver-memory 5g --conf spark.sql.shuffle.partitions=64 spark_sql/analysis_2_airport_month_delay_report.py --input hdfs://localhost:9000/flight-delay-project/input/10m/flights.csv --output hdfs://localhost:9000/flight-delay-project/output_benchmark/benchmark_20260602_122935/spark_sql/analysis_2_10m_repeated_3,1,11902
2026-06-02T11:26:30.444391+00:00,benchmark_20260602_122935,spark_sql,analysis_2,14m,repeated,1,14158162,2102362680,hdfs://localhost:9000/flight-delay-project/output_benchmark/benchmark_20260602_122935/spark_sql/analysis_2_14m_repeated_1,13.9541,success,/home/emi/Desktop/projects/flight-delay-bigdata-project/results/benchmark/logs/benchmark_20260602_122935_spark_sql_analysis_2_14m_repeated_1.log,spark-submit --master 'local[*]' --driver-memory 5g --conf spark.sql.shuffle.partitions=64 spark_sql/analysis_2_airport_month_delay_report.py --input hdfs://localhost:9000/flight-delay-project/input/14m/flights.csv --output hdfs://localhost:9000/flight-delay-project/output_benchmark/benchmark_20260602_122935/spark_sql/analysis_2_14m_repeated_1,1,11902
2026-06-02T11:26:48.899826+00:00,benchmark_20260602_122935,spark_sql,analysis_2,14m,repeated,2,14158162,2102362680,hdfs://localhost:9000/flight-delay-project/output_benchmark/benchmark_20260602_122935/spark_sql/analysis_2_14m_repeated_2,14.8630,success,/home/emi/Desktop/projects/flight-delay-bigdata-project/results/benchmark/logs/benchmark_20260602_122935_spark_sql_analysis_2_14m_repeated_2.log,spark-submit --master 'local[*]' --driver-memory 5g --conf spark.sql.shuffle.partitions=64 spark_sql/analysis_2_airport_month_delay_report.py --input hdfs://localhost:9000/flight-delay-project/input/14m/flights.csv --output hdfs://localhost:9000/flight-delay-project/output_benchmark/benchmark_20260602_122935/spark_sql/analysis_2_14m_repeated_2,1,11902
2026-06-02T11:27:08.234910+00:00,benchmark_20260602_122935,spark_sql,analysis_2,14m,repeated,3,14158162,2102362680,hdfs://localhost:9000/flight-delay-project/output_benchmark/benchmark_20260602_122935/spark_sql/analysis_2_14m_repeated_3,13.8920,success,/home/emi/Desktop/projects/flight-delay-bigdata-project/results/benchmark/logs/benchmark_20260602_122935_spark_sql_analysis_2_14m_repeated_3.log,spark-submit --master 'local[*]' --driver-memory 5g --conf spark.sql.shuffle.partitions=64 spark_sql/analysis_2_airport_month_delay_report.py --input hdfs://localhost:9000/flight-delay-project/input/14m/flights.csv --output hdfs://localhost:9000/flight-delay-project/output_benchmark/benchmark_20260602_122935/spark_sql/analysis_2_14m_repeated_3,1,11902
2026-06-02T11:27:26.602859+00:00,benchmark_20260602_122935,spark_sql,analysis_3,100k,repeated,1,100000,14762421,hdfs://localhost:9000/flight-delay-project/output_benchmark/benchmark_20260602_122935/spark_sql/analysis_3_100k_repeated_1,7.3162,success,/home/emi/Desktop/projects/flight-delay-bigdata-project/results/benchmark/logs/benchmark_20260602_122935_spark_sql_analysis_3_100k_repeated_1.log,spark-submit --master 'local[*]' --driver-memory 5g --conf spark.sql.shuffle.partitions=64 spark_sql/analysis_3_airline_airport_ranking.py --input hdfs://localhost:9000/flight-delay-project/input/100k/flights.csv --output hdfs://localhost:9000/flight-delay-project/output_benchmark/benchmark_20260602_122935/spark_sql/analysis_3_100k_repeated_1,1,1485
2026-06-02T11:27:38.391197+00:00,benchmark_20260602_122935,spark_sql,analysis_3,100k,repeated,2,100000,14762421,hdfs://localhost:9000/flight-delay-project/output_benchmark/benchmark_20260602_122935/spark_sql/analysis_3_100k_repeated_2,6.8037,success,/home/emi/Desktop/projects/flight-delay-bigdata-project/results/benchmark/logs/benchmark_20260602_122935_spark_sql_analysis_3_100k_repeated_2.log,spark-submit --master 'local[*]' --driver-memory 5g --conf spark.sql.shuffle.partitions=64 spark_sql/analysis_3_airline_airport_ranking.py --input hdfs://localhost:9000/flight-delay-project/input/100k/flights.csv --output hdfs://localhost:9000/flight-delay-project/output_benchmark/benchmark_20260602_122935/spark_sql/analysis_3_100k_repeated_2,1,1485
2026-06-02T11:27:49.658393+00:00,benchmark_20260602_122935,spark_sql,analysis_3,100k,repeated,3,100000,14762421,hdfs://localhost:9000/flight-delay-project/output_benchmark/benchmark_20260602_122935/spark_sql/analysis_3_100k_repeated_3,6.8025,success,/home/emi/Desktop/projects/flight-delay-bigdata-project/results/benchmark/logs/benchmark_20260602_122935_spark_sql_analysis_3_100k_repeated_3.log,spark-submit --master 'local[*]' --driver-memory 5g --conf spark.sql.shuffle.partitions=64 spark_sql/analysis_3_airline_airport_ranking.py --input hdfs://localhost:9000/flight-delay-project/input/100k/flights.csv --output hdfs://localhost:9000/flight-delay-project/output_benchmark/benchmark_20260602_122935/spark_sql/analysis_3_100k_repeated_3,1,1485
2026-06-02T11:28:00.935078+00:00,benchmark_20260602_122935,spark_sql,analysis_3,500k,repeated,1,500000,73794240,hdfs://localhost:9000/flight-delay-project/output_benchmark/benchmark_20260602_122935/spark_sql/analysis_3_500k_repeated_1,7.8461,success,/home/emi/Desktop/projects/flight-delay-bigdata-project/results/benchmark/logs/benchmark_20260602_122935_spark_sql_analysis_3_500k_repeated_1.log,spark-submit --master 'local[*]' --driver-memory 5g --conf spark.sql.shuffle.partitions=64 spark_sql/analysis_3_airline_airport_ranking.py --input hdfs://localhost:9000/flight-delay-project/input/500k/flights.csv --output hdfs://localhost:9000/flight-delay-project/output_benchmark/benchmark_20260602_122935/spark_sql/analysis_3_500k_repeated_1,1,1564
2026-06-02T11:28:13.271264+00:00,benchmark_20260602_122935,spark_sql,analysis_3,500k,repeated,2,500000,73794240,hdfs://localhost:9000/flight-delay-project/output_benchmark/benchmark_20260602_122935/spark_sql/analysis_3_500k_repeated_2,7.8668,success,/home/emi/Desktop/projects/flight-delay-bigdata-project/results/benchmark/logs/benchmark_20260602_122935_spark_sql_analysis_3_500k_repeated_2.log,spark-submit --master 'local[*]' --driver-memory 5g --conf spark.sql.shuffle.partitions=64 spark_sql/analysis_3_airline_airport_ranking.py --input hdfs://localhost:9000/flight-delay-project/input/500k/flights.csv --output hdfs://localhost:9000/flight-delay-project/output_benchmark/benchmark_20260602_122935/spark_sql/analysis_3_500k_repeated_2,1,1564
2026-06-02T11:28:25.607341+00:00,benchmark_20260602_122935,spark_sql,analysis_3,500k,repeated,3,500000,73794240,hdfs://localhost:9000/flight-delay-project/output_benchmark/benchmark_20260602_122935/spark_sql/analysis_3_500k_repeated_3,7.8536,success,/home/emi/Desktop/projects/flight-delay-bigdata-project/results/benchmark/logs/benchmark_20260602_122935_spark_sql_analysis_3_500k_repeated_3.log,spark-submit --master 'local[*]' --driver-memory 5g --conf spark.sql.shuffle.partitions=64 spark_sql/analysis_3_airline_airport_ranking.py --input hdfs://localhost:9000/flight-delay-project/input/500k/flights.csv --output hdfs://localhost:9000/flight-delay-project/output_benchmark/benchmark_20260602_122935/spark_sql/analysis_3_500k_repeated_3,1,1564
2026-06-02T11:28:37.940563+00:00,benchmark_20260602_122935,spark_sql,analysis_3,1m,repeated,1,1000000,147935473,hdfs://localhost:9000/flight-delay-project/output_benchmark/benchmark_20260602_122935/spark_sql/analysis_3_1m_repeated_1,7.8461,success,/home/emi/Desktop/projects/flight-delay-bigdata-project/results/benchmark/logs/benchmark_20260602_122935_spark_sql_analysis_3_1m_repeated_1.log,spark-submit --master 'local[*]' --driver-memory 5g --conf spark.sql.shuffle.partitions=64 spark_sql/analysis_3_airline_airport_ranking.py --input hdfs://localhost:9000/flight-delay-project/input/1m/flights.csv --output hdfs://localhost:9000/flight-delay-project/output_benchmark/benchmark_20260602_122935/spark_sql/analysis_3_1m_repeated_1,1,1586
2026-06-02T11:28:50.274967+00:00,benchmark_20260602_122935,spark_sql,analysis_3,1m,repeated,2,1000000,147935473,hdfs://localhost:9000/flight-delay-project/output_benchmark/benchmark_20260602_122935/spark_sql/analysis_3_1m_repeated_2,8.3497,success,/home/emi/Desktop/projects/flight-delay-bigdata-project/results/benchmark/logs/benchmark_20260602_122935_spark_sql_analysis_3_1m_repeated_2.log,spark-submit --master 'local[*]' --driver-memory 5g --conf spark.sql.shuffle.partitions=64 spark_sql/analysis_3_airline_airport_ranking.py --input hdfs://localhost:9000/flight-delay-project/input/1m/flights.csv --output hdfs://localhost:9000/flight-delay-project/output_benchmark/benchmark_20260602_122935/spark_sql/analysis_3_1m_repeated_2,1,1586
2026-06-02T11:29:03.094542+00:00,benchmark_20260602_122935,spark_sql,analysis_3,1m,repeated,3,1000000,147935473,hdfs://localhost:9000/flight-delay-project/output_benchmark/benchmark_20260602_122935/spark_sql/analysis_3_1m_repeated_3,7.9639,success,/home/emi/Desktop/projects/flight-delay-bigdata-project/results/benchmark/logs/benchmark_20260602_122935_spark_sql_analysis_3_1m_repeated_3.log,spark-submit --master 'local[*]' --driver-memory 5g --conf spark.sql.shuffle.partitions=64 spark_sql/analysis_3_airline_airport_ranking.py --input hdfs://localhost:9000/flight-delay-project/input/1m/flights.csv --output hdfs://localhost:9000/flight-delay-project/output_benchmark/benchmark_20260602_122935/spark_sql/analysis_3_1m_repeated_3,1,1586
2026-06-02T11:29:15.510702+00:00,benchmark_20260602_122935,spark_sql,analysis_3,3m,repeated,1,3000000,444331337,hdfs://localhost:9000/flight-delay-project/output_benchmark/benchmark_20260602_122935/spark_sql/analysis_3_3m_repeated_1,8.9702,success,/home/emi/Desktop/projects/flight-delay-bigdata-project/results/benchmark/logs/benchmark_20260602_122935_spark_sql_analysis_3_3m_repeated_1.log,spark-submit --master 'local[*]' --driver-memory 5g --conf spark.sql.shuffle.partitions=64 spark_sql/analysis_3_airline_airport_ranking.py --input hdfs://localhost:9000/flight-delay-project/input/3m/flights.csv --output hdfs://localhost:9000/flight-delay-project/output_benchmark/benchmark_20260602_122935/spark_sql/analysis_3_3m_repeated_1,1,1682
2026-06-02T11:29:28.962099+00:00,benchmark_20260602_122935,spark_sql,analysis_3,3m,repeated,2,3000000,444331337,hdfs://localhost:9000/flight-delay-project/output_benchmark/benchmark_20260602_122935/spark_sql/analysis_3_3m_repeated_2,8.8751,success,/home/emi/Desktop/projects/flight-delay-bigdata-project/results/benchmark/logs/benchmark_20260602_122935_spark_sql_analysis_3_3m_repeated_2.log,spark-submit --master 'local[*]' --driver-memory 5g --conf spark.sql.shuffle.partitions=64 spark_sql/analysis_3_airline_airport_ranking.py --input hdfs://localhost:9000/flight-delay-project/input/3m/flights.csv --output hdfs://localhost:9000/flight-delay-project/output_benchmark/benchmark_20260602_122935/spark_sql/analysis_3_3m_repeated_2,1,1682
2026-06-02T11:29:42.304018+00:00,benchmark_20260602_122935,spark_sql,analysis_3,3m,repeated,3,3000000,444331337,hdfs://localhost:9000/flight-delay-project/output_benchmark/benchmark_20260602_122935/spark_sql/analysis_3_3m_repeated_3,8.8755,success,/home/emi/Desktop/projects/flight-delay-bigdata-project/results/benchmark/logs/benchmark_20260602_122935_spark_sql_analysis_3_3m_repeated_3.log,spark-submit --master 'local[*]' --driver-memory 5g --conf spark.sql.shuffle.partitions=64 spark_sql/analysis_3_airline_airport_ranking.py --input hdfs://localhost:9000/flight-delay-project/input/3m/flights.csv --output hdfs://localhost:9000/flight-delay-project/output_benchmark/benchmark_20260602_122935/spark_sql/analysis_3_3m_repeated_3,1,1682
2026-06-02T11:29:55.654010+00:00,benchmark_20260602_122935,spark_sql,analysis_3,7m,repeated,1,7079081,1051181497,hdfs://localhost:9000/flight-delay-project/output_benchmark/benchmark_20260602_122935/spark_sql/analysis_3_7m_repeated_1,9.8962,success,/home/emi/Desktop/projects/flight-delay-bigdata-project/results/benchmark/logs/benchmark_20260602_122935_spark_sql_analysis_3_7m_repeated_1.log,spark-submit --master 'local[*]' --driver-memory 5g --conf spark.sql.shuffle.partitions=64 spark_sql/analysis_3_airline_airport_ranking.py --input hdfs://localhost:9000/flight-delay-project/input/7m/flights.csv --output hdfs://localhost:9000/flight-delay-project/output_benchmark/benchmark_20260602_122935/spark_sql/analysis_3_7m_repeated_1,1,1738
2026-06-02T11:30:10.014513+00:00,benchmark_20260602_122935,spark_sql,analysis_3,7m,repeated,2,7079081,1051181497,hdfs://localhost:9000/flight-delay-project/output_benchmark/benchmark_20260602_122935/spark_sql/analysis_3_7m_repeated_2,9.8932,success,/home/emi/Desktop/projects/flight-delay-bigdata-project/results/benchmark/logs/benchmark_20260602_122935_spark_sql_analysis_3_7m_repeated_2.log,spark-submit --master 'local[*]' --driver-memory 5g --conf spark.sql.shuffle.partitions=64 spark_sql/analysis_3_airline_airport_ranking.py --input hdfs://localhost:9000/flight-delay-project/input/7m/flights.csv --output hdfs://localhost:9000/flight-delay-project/output_benchmark/benchmark_20260602_122935/spark_sql/analysis_3_7m_repeated_2,1,1738
2026-06-02T11:30:24.384305+00:00,benchmark_20260602_122935,spark_sql,analysis_3,7m,repeated,3,7079081,1051181497,hdfs://localhost:9000/flight-delay-project/output_benchmark/benchmark_20260602_122935/spark_sql/analysis_3_7m_repeated_3,10.3841,success,/home/emi/Desktop/projects/flight-delay-bigdata-project/results/benchmark/logs/benchmark_20260602_122935_spark_sql_analysis_3_7m_repeated_3.log,spark-submit --master 'local[*]' --driver-memory 5g --conf spark.sql.shuffle.partitions=64 spark_sql/analysis_3_airline_airport_ranking.py --input hdfs://localhost:9000/flight-delay-project/input/7m/flights.csv --output hdfs://localhost:9000/flight-delay-project/output_benchmark/benchmark_20260602_122935/spark_sql/analysis_3_7m_repeated_3,1,1738
2026-06-02T11:30:39.249831+00:00,benchmark_20260602_122935,spark_sql,analysis_3,10m,repeated,1,10000000,1483850277,hdfs://localhost:9000/flight-delay-project/output_benchmark/benchmark_20260602_122935/spark_sql/analysis_3_10m_repeated_1,11.3814,success,/home/emi/Desktop/projects/flight-delay-bigdata-project/results/benchmark/logs/benchmark_20260602_122935_spark_sql_analysis_3_10m_repeated_1.log,spark-submit --master 'local[*]' --driver-memory 5g --conf spark.sql.shuffle.partitions=64 spark_sql/analysis_3_airline_airport_ranking.py --input hdfs://localhost:9000/flight-delay-project/input/10m/flights.csv --output hdfs://localhost:9000/flight-delay-project/output_benchmark/benchmark_20260602_122935/spark_sql/analysis_3_10m_repeated_1,1,1738
2026-06-02T11:30:55.082518+00:00,benchmark_20260602_122935,spark_sql,analysis_3,10m,repeated,2,10000000,1483850277,hdfs://localhost:9000/flight-delay-project/output_benchmark/benchmark_20260602_122935/spark_sql/analysis_3_10m_repeated_2,10.8633,success,/home/emi/Desktop/projects/flight-delay-bigdata-project/results/benchmark/logs/benchmark_20260602_122935_spark_sql_analysis_3_10m_repeated_2.log,spark-submit --master 'local[*]' --driver-memory 5g --conf spark.sql.shuffle.partitions=64 spark_sql/analysis_3_airline_airport_ranking.py --input hdfs://localhost:9000/flight-delay-project/input/10m/flights.csv --output hdfs://localhost:9000/flight-delay-project/output_benchmark/benchmark_20260602_122935/spark_sql/analysis_3_10m_repeated_2,1,1738
2026-06-02T11:31:10.427746+00:00,benchmark_20260602_122935,spark_sql,analysis_3,10m,repeated,3,10000000,1483850277,hdfs://localhost:9000/flight-delay-project/output_benchmark/benchmark_20260602_122935/spark_sql/analysis_3_10m_repeated_3,11.5137,success,/home/emi/Desktop/projects/flight-delay-bigdata-project/results/benchmark/logs/benchmark_20260602_122935_spark_sql_analysis_3_10m_repeated_3.log,spark-submit --master 'local[*]' --driver-memory 5g --conf spark.sql.shuffle.partitions=64 spark_sql/analysis_3_airline_airport_ranking.py --input hdfs://localhost:9000/flight-delay-project/input/10m/flights.csv --output hdfs://localhost:9000/flight-delay-project/output_benchmark/benchmark_20260602_122935/spark_sql/analysis_3_10m_repeated_3,1,1738
2026-06-02T11:31:26.427213+00:00,benchmark_20260602_122935,spark_sql,analysis_3,14m,repeated,1,14158162,2102362680,hdfs://localhost:9000/flight-delay-project/output_benchmark/benchmark_20260602_122935/spark_sql/analysis_3_14m_repeated_1,12.9003,success,/home/emi/Desktop/projects/flight-delay-bigdata-project/results/benchmark/logs/benchmark_20260602_122935_spark_sql_analysis_3_14m_repeated_1.log,spark-submit --master 'local[*]' --driver-memory 5g --conf spark.sql.shuffle.partitions=64 spark_sql/analysis_3_airline_airport_ranking.py --input hdfs://localhost:9000/flight-delay-project/input/14m/flights.csv --output hdfs://localhost:9000/flight-delay-project/output_benchmark/benchmark_20260602_122935/spark_sql/analysis_3_14m_repeated_1,1,1738
2026-06-02T11:31:43.804688+00:00,benchmark_20260602_122935,spark_sql,analysis_3,14m,repeated,2,14158162,2102362680,hdfs://localhost:9000/flight-delay-project/output_benchmark/benchmark_20260602_122935/spark_sql/analysis_3_14m_repeated_2,12.8484,success,/home/emi/Desktop/projects/flight-delay-bigdata-project/results/benchmark/logs/benchmark_20260602_122935_spark_sql_analysis_3_14m_repeated_2.log,spark-submit --master 'local[*]' --driver-memory 5g --conf spark.sql.shuffle.partitions=64 spark_sql/analysis_3_airline_airport_ranking.py --input hdfs://localhost:9000/flight-delay-project/input/14m/flights.csv --output hdfs://localhost:9000/flight-delay-project/output_benchmark/benchmark_20260602_122935/spark_sql/analysis_3_14m_repeated_2,1,1738
2026-06-02T11:32:01.142395+00:00,benchmark_20260602_122935,spark_sql,analysis_3,14m,repeated,3,14158162,2102362680,hdfs://localhost:9000/flight-delay-project/output_benchmark/benchmark_20260602_122935/spark_sql/analysis_3_14m_repeated_3,13.4367,success,/home/emi/Desktop/projects/flight-delay-bigdata-project/results/benchmark/logs/benchmark_20260602_122935_spark_sql_analysis_3_14m_repeated_3.log,spark-submit --master 'local[*]' --driver-memory 5g --conf spark.sql.shuffle.partitions=64 spark_sql/analysis_3_airline_airport_ranking.py --input hdfs://localhost:9000/flight-delay-project/input/14m/flights.csv --output hdfs://localhost:9000/flight-delay-project/output_benchmark/benchmark_20260602_122935/spark_sql/analysis_3_14m_repeated_3,1,1738
2026-06-02T11:32:22.922676+00:00,benchmark_20260602_122935,spark_core,analysis_1,100k,repeated,1,100000,14762421,hdfs://localhost:9000/flight-delay-project/output_benchmark/benchmark_20260602_122935/spark_core/analysis_1_100k_repeated_1,6.3074,success,/home/emi/Desktop/projects/flight-delay-bigdata-project/results/benchmark/logs/benchmark_20260602_122935_spark_core_analysis_1_100k_repeated_1.log,spark-submit --master 'local[*]' --driver-memory 5g spark_core/analysis_1_airline_stats.py --input hdfs://localhost:9000/flight-delay-project/input/100k/flights.csv --output hdfs://localhost:9000/flight-delay-project/output_benchmark/benchmark_20260602_122935/spark_core/analysis_1_100k_repeated_1,18,1485
2026-06-02T11:32:33.726654+00:00,benchmark_20260602_122935,spark_core,analysis_1,100k,repeated,2,100000,14762421,hdfs://localhost:9000/flight-delay-project/output_benchmark/benchmark_20260602_122935/spark_core/analysis_1_100k_repeated_2,6.2023,success,/home/emi/Desktop/projects/flight-delay-bigdata-project/results/benchmark/logs/benchmark_20260602_122935_spark_core_analysis_1_100k_repeated_2.log,spark-submit --master 'local[*]' --driver-memory 5g spark_core/analysis_1_airline_stats.py --input hdfs://localhost:9000/flight-delay-project/input/100k/flights.csv --output hdfs://localhost:9000/flight-delay-project/output_benchmark/benchmark_20260602_122935/spark_core/analysis_1_100k_repeated_2,18,1485
2026-06-02T11:32:44.461779+00:00,benchmark_20260602_122935,spark_core,analysis_1,100k,repeated,3,100000,14762421,hdfs://localhost:9000/flight-delay-project/output_benchmark/benchmark_20260602_122935/spark_core/analysis_1_100k_repeated_3,6.1598,success,/home/emi/Desktop/projects/flight-delay-bigdata-project/results/benchmark/logs/benchmark_20260602_122935_spark_core_analysis_1_100k_repeated_3.log,spark-submit --master 'local[*]' --driver-memory 5g spark_core/analysis_1_airline_stats.py --input hdfs://localhost:9000/flight-delay-project/input/100k/flights.csv --output hdfs://localhost:9000/flight-delay-project/output_benchmark/benchmark_20260602_122935/spark_core/analysis_1_100k_repeated_3,18,1485
2026-06-02T11:32:55.137578+00:00,benchmark_20260602_122935,spark_core,analysis_1,500k,repeated,1,500000,73794240,hdfs://localhost:9000/flight-delay-project/output_benchmark/benchmark_20260602_122935/spark_core/analysis_1_500k_repeated_1,7.0763,success,/home/emi/Desktop/projects/flight-delay-bigdata-project/results/benchmark/logs/benchmark_20260602_122935_spark_core_analysis_1_500k_repeated_1.log,spark-submit --master 'local[*]' --driver-memory 5g spark_core/analysis_1_airline_stats.py --input hdfs://localhost:9000/flight-delay-project/input/500k/flights.csv --output hdfs://localhost:9000/flight-delay-project/output_benchmark/benchmark_20260602_122935/spark_core/analysis_1_500k_repeated_1,18,1564
2026-06-02T11:33:06.735748+00:00,benchmark_20260602_122935,spark_core,analysis_1,500k,repeated,2,500000,73794240,hdfs://localhost:9000/flight-delay-project/output_benchmark/benchmark_20260602_122935/spark_core/analysis_1_500k_repeated_2,6.9676,success,/home/emi/Desktop/projects/flight-delay-bigdata-project/results/benchmark/logs/benchmark_20260602_122935_spark_core_analysis_1_500k_repeated_2.log,spark-submit --master 'local[*]' --driver-memory 5g spark_core/analysis_1_airline_stats.py --input hdfs://localhost:9000/flight-delay-project/input/500k/flights.csv --output hdfs://localhost:9000/flight-delay-project/output_benchmark/benchmark_20260602_122935/spark_core/analysis_1_500k_repeated_2,18,1564
2026-06-02T11:33:18.190414+00:00,benchmark_20260602_122935,spark_core,analysis_1,500k,repeated,3,500000,73794240,hdfs://localhost:9000/flight-delay-project/output_benchmark/benchmark_20260602_122935/spark_core/analysis_1_500k_repeated_3,7.0265,success,/home/emi/Desktop/projects/flight-delay-bigdata-project/results/benchmark/logs/benchmark_20260602_122935_spark_core_analysis_1_500k_repeated_3.log,spark-submit --master 'local[*]' --driver-memory 5g spark_core/analysis_1_airline_stats.py --input hdfs://localhost:9000/flight-delay-project/input/500k/flights.csv --output hdfs://localhost:9000/flight-delay-project/output_benchmark/benchmark_20260602_122935/spark_core/analysis_1_500k_repeated_3,18,1564
2026-06-02T11:33:29.729593+00:00,benchmark_20260602_122935,spark_core,analysis_1,1m,repeated,1,1000000,147935473,hdfs://localhost:9000/flight-delay-project/output_benchmark/benchmark_20260602_122935/spark_core/analysis_1_1m_repeated_1,8.1094,success,/home/emi/Desktop/projects/flight-delay-bigdata-project/results/benchmark/logs/benchmark_20260602_122935_spark_core_analysis_1_1m_repeated_1.log,spark-submit --master 'local[*]' --driver-memory 5g spark_core/analysis_1_airline_stats.py --input hdfs://localhost:9000/flight-delay-project/input/1m/flights.csv --output hdfs://localhost:9000/flight-delay-project/output_benchmark/benchmark_20260602_122935/spark_core/analysis_1_1m_repeated_1,18,1586
2026-06-02T11:33:42.323213+00:00,benchmark_20260602_122935,spark_core,analysis_1,1m,repeated,2,1000000,147935473,hdfs://localhost:9000/flight-delay-project/output_benchmark/benchmark_20260602_122935/spark_core/analysis_1_1m_repeated_2,7.6958,success,/home/emi/Desktop/projects/flight-delay-bigdata-project/results/benchmark/logs/benchmark_20260602_122935_spark_core_analysis_1_1m_repeated_2.log,spark-submit --master 'local[*]' --driver-memory 5g spark_core/analysis_1_airline_stats.py --input hdfs://localhost:9000/flight-delay-project/input/1m/flights.csv --output hdfs://localhost:9000/flight-delay-project/output_benchmark/benchmark_20260602_122935/spark_core/analysis_1_1m_repeated_2,18,1586
2026-06-02T11:33:54.492646+00:00,benchmark_20260602_122935,spark_core,analysis_1,1m,repeated,3,1000000,147935473,hdfs://localhost:9000/flight-delay-project/output_benchmark/benchmark_20260602_122935/spark_core/analysis_1_1m_repeated_3,8.2439,success,/home/emi/Desktop/projects/flight-delay-bigdata-project/results/benchmark/logs/benchmark_20260602_122935_spark_core_analysis_1_1m_repeated_3.log,spark-submit --master 'local[*]' --driver-memory 5g spark_core/analysis_1_airline_stats.py --input hdfs://localhost:9000/flight-delay-project/input/1m/flights.csv --output hdfs://localhost:9000/flight-delay-project/output_benchmark/benchmark_20260602_122935/spark_core/analysis_1_1m_repeated_3,18,1586
2026-06-02T11:34:07.264626+00:00,benchmark_20260602_122935,spark_core,analysis_1,3m,repeated,1,3000000,444331337,hdfs://localhost:9000/flight-delay-project/output_benchmark/benchmark_20260602_122935/spark_core/analysis_1_3m_repeated_1,10.8470,success,/home/emi/Desktop/projects/flight-delay-bigdata-project/results/benchmark/logs/benchmark_20260602_122935_spark_core_analysis_1_3m_repeated_1.log,spark-submit --master 'local[*]' --driver-memory 5g spark_core/analysis_1_airline_stats.py --input hdfs://localhost:9000/flight-delay-project/input/3m/flights.csv --output hdfs://localhost:9000/flight-delay-project/output_benchmark/benchmark_20260602_122935/spark_core/analysis_1_3m_repeated_1,20,1682
2026-06-02T11:34:22.637760+00:00,benchmark_20260602_122935,spark_core,analysis_1,3m,repeated,2,3000000,444331337,hdfs://localhost:9000/flight-delay-project/output_benchmark/benchmark_20260602_122935/spark_core/analysis_1_3m_repeated_2,10.8592,success,/home/emi/Desktop/projects/flight-delay-bigdata-project/results/benchmark/logs/benchmark_20260602_122935_spark_core_analysis_1_3m_repeated_2.log,spark-submit --master 'local[*]' --driver-memory 5g spark_core/analysis_1_airline_stats.py --input hdfs://localhost:9000/flight-delay-project/input/3m/flights.csv --output hdfs://localhost:9000/flight-delay-project/output_benchmark/benchmark_20260602_122935/spark_core/analysis_1_3m_repeated_2,20,1682
2026-06-02T11:34:38.028842+00:00,benchmark_20260602_122935,spark_core,analysis_1,3m,repeated,3,3000000,444331337,hdfs://localhost:9000/flight-delay-project/output_benchmark/benchmark_20260602_122935/spark_core/analysis_1_3m_repeated_3,10.7369,success,/home/emi/Desktop/projects/flight-delay-bigdata-project/results/benchmark/logs/benchmark_20260602_122935_spark_core_analysis_1_3m_repeated_3.log,spark-submit --master 'local[*]' --driver-memory 5g spark_core/analysis_1_airline_stats.py --input hdfs://localhost:9000/flight-delay-project/input/3m/flights.csv --output hdfs://localhost:9000/flight-delay-project/output_benchmark/benchmark_20260602_122935/spark_core/analysis_1_3m_repeated_3,20,1682
2026-06-02T11:34:53.279343+00:00,benchmark_20260602_122935,spark_core,analysis_1,7m,repeated,1,7079081,1051181497,hdfs://localhost:9000/flight-delay-project/output_benchmark/benchmark_20260602_122935/spark_core/analysis_1_7m_repeated_1,15.7046,success,/home/emi/Desktop/projects/flight-delay-bigdata-project/results/benchmark/logs/benchmark_20260602_122935_spark_core_analysis_1_7m_repeated_1.log,spark-submit --master 'local[*]' --driver-memory 5g spark_core/analysis_1_airline_stats.py --input hdfs://localhost:9000/flight-delay-project/input/7m/flights.csv --output hdfs://localhost:9000/flight-delay-project/output_benchmark/benchmark_20260602_122935/spark_core/analysis_1_7m_repeated_1,24,1738
2026-06-02T11:35:13.474826+00:00,benchmark_20260602_122935,spark_core,analysis_1,7m,repeated,2,7079081,1051181497,hdfs://localhost:9000/flight-delay-project/output_benchmark/benchmark_20260602_122935/spark_core/analysis_1_7m_repeated_2,15.7618,success,/home/emi/Desktop/projects/flight-delay-bigdata-project/results/benchmark/logs/benchmark_20260602_122935_spark_core_analysis_1_7m_repeated_2.log,spark-submit --master 'local[*]' --driver-memory 5g spark_core/analysis_1_airline_stats.py --input hdfs://localhost:9000/flight-delay-project/input/7m/flights.csv --output hdfs://localhost:9000/flight-delay-project/output_benchmark/benchmark_20260602_122935/spark_core/analysis_1_7m_repeated_2,24,1738
2026-06-02T11:35:33.731037+00:00,benchmark_20260602_122935,spark_core,analysis_1,7m,repeated,3,7079081,1051181497,hdfs://localhost:9000/flight-delay-project/output_benchmark/benchmark_20260602_122935/spark_core/analysis_1_7m_repeated_3,15.5516,success,/home/emi/Desktop/projects/flight-delay-bigdata-project/results/benchmark/logs/benchmark_20260602_122935_spark_core_analysis_1_7m_repeated_3.log,spark-submit --master 'local[*]' --driver-memory 5g spark_core/analysis_1_airline_stats.py --input hdfs://localhost:9000/flight-delay-project/input/7m/flights.csv --output hdfs://localhost:9000/flight-delay-project/output_benchmark/benchmark_20260602_122935/spark_core/analysis_1_7m_repeated_3,24,1738
2026-06-02T11:35:53.802491+00:00,benchmark_20260602_122935,spark_core,analysis_1,10m,repeated,1,10000000,1483850277,hdfs://localhost:9000/flight-delay-project/output_benchmark/benchmark_20260602_122935/spark_core/analysis_1_10m_repeated_1,20.5369,success,/home/emi/Desktop/projects/flight-delay-bigdata-project/results/benchmark/logs/benchmark_20260602_122935_spark_core_analysis_1_10m_repeated_1.log,spark-submit --master 'local[*]' --driver-memory 5g spark_core/analysis_1_airline_stats.py --input hdfs://localhost:9000/flight-delay-project/input/10m/flights.csv --output hdfs://localhost:9000/flight-delay-project/output_benchmark/benchmark_20260602_122935/spark_core/analysis_1_10m_repeated_1,27,1738
2026-06-02T11:36:18.834768+00:00,benchmark_20260602_122935,spark_core,analysis_1,10m,repeated,2,10000000,1483850277,hdfs://localhost:9000/flight-delay-project/output_benchmark/benchmark_20260602_122935/spark_core/analysis_1_10m_repeated_2,20.2693,success,/home/emi/Desktop/projects/flight-delay-bigdata-project/results/benchmark/logs/benchmark_20260602_122935_spark_core_analysis_1_10m_repeated_2.log,spark-submit --master 'local[*]' --driver-memory 5g spark_core/analysis_1_airline_stats.py --input hdfs://localhost:9000/flight-delay-project/input/10m/flights.csv --output hdfs://localhost:9000/flight-delay-project/output_benchmark/benchmark_20260602_122935/spark_core/analysis_1_10m_repeated_2,27,1738
2026-06-02T11:36:43.608176+00:00,benchmark_20260602_122935,spark_core,analysis_1,10m,repeated,3,10000000,1483850277,hdfs://localhost:9000/flight-delay-project/output_benchmark/benchmark_20260602_122935/spark_core/analysis_1_10m_repeated_3,20.5193,success,/home/emi/Desktop/projects/flight-delay-bigdata-project/results/benchmark/logs/benchmark_20260602_122935_spark_core_analysis_1_10m_repeated_3.log,spark-submit --master 'local[*]' --driver-memory 5g spark_core/analysis_1_airline_stats.py --input hdfs://localhost:9000/flight-delay-project/input/10m/flights.csv --output hdfs://localhost:9000/flight-delay-project/output_benchmark/benchmark_20260602_122935/spark_core/analysis_1_10m_repeated_3,27,1738
2026-06-02T11:37:08.672093+00:00,benchmark_20260602_122935,spark_core,analysis_1,14m,repeated,1,14158162,2102362680,hdfs://localhost:9000/flight-delay-project/output_benchmark/benchmark_20260602_122935/spark_core/analysis_1_14m_repeated_1,25.4961,success,/home/emi/Desktop/projects/flight-delay-bigdata-project/results/benchmark/logs/benchmark_20260602_122935_spark_core_analysis_1_14m_repeated_1.log,spark-submit --master 'local[*]' --driver-memory 5g spark_core/analysis_1_airline_stats.py --input hdfs://localhost:9000/flight-delay-project/input/14m/flights.csv --output hdfs://localhost:9000/flight-delay-project/output_benchmark/benchmark_20260602_122935/spark_core/analysis_1_14m_repeated_1,32,1738
2026-06-02T11:37:38.756626+00:00,benchmark_20260602_122935,spark_core,analysis_1,14m,repeated,2,14158162,2102362680,hdfs://localhost:9000/flight-delay-project/output_benchmark/benchmark_20260602_122935/spark_core/analysis_1_14m_repeated_2,25.1995,success,/home/emi/Desktop/projects/flight-delay-bigdata-project/results/benchmark/logs/benchmark_20260602_122935_spark_core_analysis_1_14m_repeated_2.log,spark-submit --master 'local[*]' --driver-memory 5g spark_core/analysis_1_airline_stats.py --input hdfs://localhost:9000/flight-delay-project/input/14m/flights.csv --output hdfs://localhost:9000/flight-delay-project/output_benchmark/benchmark_20260602_122935/spark_core/analysis_1_14m_repeated_2,32,1738
2026-06-02T11:38:08.478993+00:00,benchmark_20260602_122935,spark_core,analysis_1,14m,repeated,3,14158162,2102362680,hdfs://localhost:9000/flight-delay-project/output_benchmark/benchmark_20260602_122935/spark_core/analysis_1_14m_repeated_3,24.9183,success,/home/emi/Desktop/projects/flight-delay-bigdata-project/results/benchmark/logs/benchmark_20260602_122935_spark_core_analysis_1_14m_repeated_3.log,spark-submit --master 'local[*]' --driver-memory 5g spark_core/analysis_1_airline_stats.py --input hdfs://localhost:9000/flight-delay-project/input/14m/flights.csv --output hdfs://localhost:9000/flight-delay-project/output_benchmark/benchmark_20260602_122935/spark_core/analysis_1_14m_repeated_3,32,1738
2026-06-02T11:38:37.937087+00:00,benchmark_20260602_122935,spark_core,analysis_2,100k,repeated,1,100000,14762421,hdfs://localhost:9000/flight-delay-project/output_benchmark/benchmark_20260602_122935/spark_core/analysis_2_100k_repeated_1,6.1811,success,/home/emi/Desktop/projects/flight-delay-bigdata-project/results/benchmark/logs/benchmark_20260602_122935_spark_core_analysis_2_100k_repeated_1.log,spark-submit --master 'local[*]' --driver-memory 5g spark_core/analysis_2_airport_month_delay_report.py --input hdfs://localhost:9000/flight-delay-project/input/100k/flights.csv --output hdfs://localhost:9000/flight-delay-project/output_benchmark/benchmark_20260602_122935/spark_core/analysis_2_100k_repeated_1,18,847
2026-06-02T11:38:48.650278+00:00,benchmark_20260602_122935,spark_core,analysis_2,100k,repeated,2,100000,14762421,hdfs://localhost:9000/flight-delay-project/output_benchmark/benchmark_20260602_122935/spark_core/analysis_2_100k_repeated_2,5.7862,success,/home/emi/Desktop/projects/flight-delay-bigdata-project/results/benchmark/logs/benchmark_20260602_122935_spark_core_analysis_2_100k_repeated_2.log,spark-submit --master 'local[*]' --driver-memory 5g spark_core/analysis_2_airport_month_delay_report.py --input hdfs://localhost:9000/flight-delay-project/input/100k/flights.csv --output hdfs://localhost:9000/flight-delay-project/output_benchmark/benchmark_20260602_122935/spark_core/analysis_2_100k_repeated_2,18,847
2026-06-02T11:38:58.934582+00:00,benchmark_20260602_122935,spark_core,analysis_2,100k,repeated,3,100000,14762421,hdfs://localhost:9000/flight-delay-project/output_benchmark/benchmark_20260602_122935/spark_core/analysis_2_100k_repeated_3,6.1347,success,/home/emi/Desktop/projects/flight-delay-bigdata-project/results/benchmark/logs/benchmark_20260602_122935_spark_core_analysis_2_100k_repeated_3.log,spark-submit --master 'local[*]' --driver-memory 5g spark_core/analysis_2_airport_month_delay_report.py --input hdfs://localhost:9000/flight-delay-project/input/100k/flights.csv --output hdfs://localhost:9000/flight-delay-project/output_benchmark/benchmark_20260602_122935/spark_core/analysis_2_100k_repeated_3,18,847
2026-06-02T11:39:09.593929+00:00,benchmark_20260602_122935,spark_core,analysis_2,500k,repeated,1,500000,73794240,hdfs://localhost:9000/flight-delay-project/output_benchmark/benchmark_20260602_122935/spark_core/analysis_2_500k_repeated_1,7.2055,success,/home/emi/Desktop/projects/flight-delay-bigdata-project/results/benchmark/logs/benchmark_20260602_122935_spark_core_analysis_2_500k_repeated_1.log,spark-submit --master 'local[*]' --driver-memory 5g spark_core/analysis_2_airport_month_delay_report.py --input hdfs://localhost:9000/flight-delay-project/input/500k/flights.csv --output hdfs://localhost:9000/flight-delay-project/output_benchmark/benchmark_20260602_122935/spark_core/analysis_2_500k_repeated_1,18,992
2026-06-02T11:39:21.284593+00:00,benchmark_20260602_122935,spark_core,analysis_2,500k,repeated,2,500000,73794240,hdfs://localhost:9000/flight-delay-project/output_benchmark/benchmark_20260602_122935/spark_core/analysis_2_500k_repeated_2,7.3052,success,/home/emi/Desktop/projects/flight-delay-bigdata-project/results/benchmark/logs/benchmark_20260602_122935_spark_core_analysis_2_500k_repeated_2.log,spark-submit --master 'local[*]' --driver-memory 5g spark_core/analysis_2_airport_month_delay_report.py --input hdfs://localhost:9000/flight-delay-project/input/500k/flights.csv --output hdfs://localhost:9000/flight-delay-project/output_benchmark/benchmark_20260602_122935/spark_core/analysis_2_500k_repeated_2,18,992
2026-06-02T11:39:33.114211+00:00,benchmark_20260602_122935,spark_core,analysis_2,500k,repeated,3,500000,73794240,hdfs://localhost:9000/flight-delay-project/output_benchmark/benchmark_20260602_122935/spark_core/analysis_2_500k_repeated_3,7.1823,success,/home/emi/Desktop/projects/flight-delay-bigdata-project/results/benchmark/logs/benchmark_20260602_122935_spark_core_analysis_2_500k_repeated_3.log,spark-submit --master 'local[*]' --driver-memory 5g spark_core/analysis_2_airport_month_delay_report.py --input hdfs://localhost:9000/flight-delay-project/input/500k/flights.csv --output hdfs://localhost:9000/flight-delay-project/output_benchmark/benchmark_20260602_122935/spark_core/analysis_2_500k_repeated_3,18,992
2026-06-02T11:39:44.799934+00:00,benchmark_20260602_122935,spark_core,analysis_2,1m,repeated,1,1000000,147935473,hdfs://localhost:9000/flight-delay-project/output_benchmark/benchmark_20260602_122935/spark_core/analysis_2_1m_repeated_1,8.2453,success,/home/emi/Desktop/projects/flight-delay-bigdata-project/results/benchmark/logs/benchmark_20260602_122935_spark_core_analysis_2_1m_repeated_1.log,spark-submit --master 'local[*]' --driver-memory 5g spark_core/analysis_2_airport_month_delay_report.py --input hdfs://localhost:9000/flight-delay-project/input/1m/flights.csv --output hdfs://localhost:9000/flight-delay-project/output_benchmark/benchmark_20260602_122935/spark_core/analysis_2_1m_repeated_1,18,1959
2026-06-02T11:39:57.550328+00:00,benchmark_20260602_122935,spark_core,analysis_2,1m,repeated,2,1000000,147935473,hdfs://localhost:9000/flight-delay-project/output_benchmark/benchmark_20260602_122935/spark_core/analysis_2_1m_repeated_2,8.2262,success,/home/emi/Desktop/projects/flight-delay-bigdata-project/results/benchmark/logs/benchmark_20260602_122935_spark_core_analysis_2_1m_repeated_2.log,spark-submit --master 'local[*]' --driver-memory 5g spark_core/analysis_2_airport_month_delay_report.py --input hdfs://localhost:9000/flight-delay-project/input/1m/flights.csv --output hdfs://localhost:9000/flight-delay-project/output_benchmark/benchmark_20260602_122935/spark_core/analysis_2_1m_repeated_2,18,1959
2026-06-02T11:40:10.300321+00:00,benchmark_20260602_122935,spark_core,analysis_2,1m,repeated,3,1000000,147935473,hdfs://localhost:9000/flight-delay-project/output_benchmark/benchmark_20260602_122935/spark_core/analysis_2_1m_repeated_3,8.3202,success,/home/emi/Desktop/projects/flight-delay-bigdata-project/results/benchmark/logs/benchmark_20260602_122935_spark_core_analysis_2_1m_repeated_3.log,spark-submit --master 'local[*]' --driver-memory 5g spark_core/analysis_2_airport_month_delay_report.py --input hdfs://localhost:9000/flight-delay-project/input/1m/flights.csv --output hdfs://localhost:9000/flight-delay-project/output_benchmark/benchmark_20260602_122935/spark_core/analysis_2_1m_repeated_3,18,1959
2026-06-02T11:40:23.102885+00:00,benchmark_20260602_122935,spark_core,analysis_2,3m,repeated,1,3000000,444331337,hdfs://localhost:9000/flight-delay-project/output_benchmark/benchmark_20260602_122935/spark_core/analysis_2_3m_repeated_1,11.2720,success,/home/emi/Desktop/projects/flight-delay-bigdata-project/results/benchmark/logs/benchmark_20260602_122935_spark_core_analysis_2_3m_repeated_1.log,spark-submit --master 'local[*]' --driver-memory 5g spark_core/analysis_2_airport_month_delay_report.py --input hdfs://localhost:9000/flight-delay-project/input/3m/flights.csv --output hdfs://localhost:9000/flight-delay-project/output_benchmark/benchmark_20260602_122935/spark_core/analysis_2_3m_repeated_1,20,5830
2026-06-02T11:40:38.875307+00:00,benchmark_20260602_122935,spark_core,analysis_2,3m,repeated,2,3000000,444331337,hdfs://localhost:9000/flight-delay-project/output_benchmark/benchmark_20260602_122935/spark_core/analysis_2_3m_repeated_2,11.6824,success,/home/emi/Desktop/projects/flight-delay-bigdata-project/results/benchmark/logs/benchmark_20260602_122935_spark_core_analysis_2_3m_repeated_2.log,spark-submit --master 'local[*]' --driver-memory 5g spark_core/analysis_2_airport_month_delay_report.py --input hdfs://localhost:9000/flight-delay-project/input/3m/flights.csv --output hdfs://localhost:9000/flight-delay-project/output_benchmark/benchmark_20260602_122935/spark_core/analysis_2_3m_repeated_2,20,5830
2026-06-02T11:40:55.074038+00:00,benchmark_20260602_122935,spark_core,analysis_2,3m,repeated,3,3000000,444331337,hdfs://localhost:9000/flight-delay-project/output_benchmark/benchmark_20260602_122935/spark_core/analysis_2_3m_repeated_3,11.2721,success,/home/emi/Desktop/projects/flight-delay-bigdata-project/results/benchmark/logs/benchmark_20260602_122935_spark_core_analysis_2_3m_repeated_3.log,spark-submit --master 'local[*]' --driver-memory 5g spark_core/analysis_2_airport_month_delay_report.py --input hdfs://localhost:9000/flight-delay-project/input/3m/flights.csv --output hdfs://localhost:9000/flight-delay-project/output_benchmark/benchmark_20260602_122935/spark_core/analysis_2_3m_repeated_3,20,5830
2026-06-02T11:41:10.845175+00:00,benchmark_20260602_122935,spark_core,analysis_2,7m,repeated,1,7079081,1051181497,hdfs://localhost:9000/flight-delay-project/output_benchmark/benchmark_20260602_122935/spark_core/analysis_2_7m_repeated_1,17.1848,success,/home/emi/Desktop/projects/flight-delay-bigdata-project/results/benchmark/logs/benchmark_20260602_122935_spark_core_analysis_2_7m_repeated_1.log,spark-submit --master 'local[*]' --driver-memory 5g spark_core/analysis_2_airport_month_delay_report.py --input hdfs://localhost:9000/flight-delay-project/input/7m/flights.csv --output hdfs://localhost:9000/flight-delay-project/output_benchmark/benchmark_20260602_122935/spark_core/analysis_2_7m_repeated_1,24,11902
2026-06-02T11:41:32.586165+00:00,benchmark_20260602_122935,spark_core,analysis_2,7m,repeated,2,7079081,1051181497,hdfs://localhost:9000/flight-delay-project/output_benchmark/benchmark_20260602_122935/spark_core/analysis_2_7m_repeated_2,16.7648,success,/home/emi/Desktop/projects/flight-delay-bigdata-project/results/benchmark/logs/benchmark_20260602_122935_spark_core_analysis_2_7m_repeated_2.log,spark-submit --master 'local[*]' --driver-memory 5g spark_core/analysis_2_airport_month_delay_report.py --input hdfs://localhost:9000/flight-delay-project/input/7m/flights.csv --output hdfs://localhost:9000/flight-delay-project/output_benchmark/benchmark_20260602_122935/spark_core/analysis_2_7m_repeated_2,24,11902
2026-06-02T11:41:53.909884+00:00,benchmark_20260602_122935,spark_core,analysis_2,7m,repeated,3,7079081,1051181497,hdfs://localhost:9000/flight-delay-project/output_benchmark/benchmark_20260602_122935/spark_core/analysis_2_7m_repeated_3,17.1825,success,/home/emi/Desktop/projects/flight-delay-bigdata-project/results/benchmark/logs/benchmark_20260602_122935_spark_core_analysis_2_7m_repeated_3.log,spark-submit --master 'local[*]' --driver-memory 5g spark_core/analysis_2_airport_month_delay_report.py --input hdfs://localhost:9000/flight-delay-project/input/7m/flights.csv --output hdfs://localhost:9000/flight-delay-project/output_benchmark/benchmark_20260602_122935/spark_core/analysis_2_7m_repeated_3,24,11902
2026-06-02T11:42:15.607717+00:00,benchmark_20260602_122935,spark_core,analysis_2,10m,repeated,1,10000000,1483850277,hdfs://localhost:9000/flight-delay-project/output_benchmark/benchmark_20260602_122935/spark_core/analysis_2_10m_repeated_1,22.6257,success,/home/emi/Desktop/projects/flight-delay-bigdata-project/results/benchmark/logs/benchmark_20260602_122935_spark_core_analysis_2_10m_repeated_1.log,spark-submit --master 'local[*]' --driver-memory 5g spark_core/analysis_2_airport_month_delay_report.py --input hdfs://localhost:9000/flight-delay-project/input/10m/flights.csv --output hdfs://localhost:9000/flight-delay-project/output_benchmark/benchmark_20260602_122935/spark_core/analysis_2_10m_repeated_1,27,11902
2026-06-02T11:42:42.757510+00:00,benchmark_20260602_122935,spark_core,analysis_2,10m,repeated,2,10000000,1483850277,hdfs://localhost:9000/flight-delay-project/output_benchmark/benchmark_20260602_122935/spark_core/analysis_2_10m_repeated_2,22.5011,success,/home/emi/Desktop/projects/flight-delay-bigdata-project/results/benchmark/logs/benchmark_20260602_122935_spark_core_analysis_2_10m_repeated_2.log,spark-submit --master 'local[*]' --driver-memory 5g spark_core/analysis_2_airport_month_delay_report.py --input hdfs://localhost:9000/flight-delay-project/input/10m/flights.csv --output hdfs://localhost:9000/flight-delay-project/output_benchmark/benchmark_20260602_122935/spark_core/analysis_2_10m_repeated_2,27,11902
2026-06-02T11:43:09.807648+00:00,benchmark_20260602_122935,spark_core,analysis_2,10m,repeated,3,10000000,1483850277,hdfs://localhost:9000/flight-delay-project/output_benchmark/benchmark_20260602_122935/spark_core/analysis_2_10m_repeated_3,22.3819,success,/home/emi/Desktop/projects/flight-delay-bigdata-project/results/benchmark/logs/benchmark_20260602_122935_spark_core_analysis_2_10m_repeated_3.log,spark-submit --master 'local[*]' --driver-memory 5g spark_core/analysis_2_airport_month_delay_report.py --input hdfs://localhost:9000/flight-delay-project/input/10m/flights.csv --output hdfs://localhost:9000/flight-delay-project/output_benchmark/benchmark_20260602_122935/spark_core/analysis_2_10m_repeated_3,27,11902
2026-06-02T11:43:36.760402+00:00,benchmark_20260602_122935,spark_core,analysis_2,14m,repeated,1,14158162,2102362680,hdfs://localhost:9000/flight-delay-project/output_benchmark/benchmark_20260602_122935/spark_core/analysis_2_14m_repeated_1,27.6118,success,/home/emi/Desktop/projects/flight-delay-bigdata-project/results/benchmark/logs/benchmark_20260602_122935_spark_core_analysis_2_14m_repeated_1.log,spark-submit --master 'local[*]' --driver-memory 5g spark_core/analysis_2_airport_month_delay_report.py --input hdfs://localhost:9000/flight-delay-project/input/14m/flights.csv --output hdfs://localhost:9000/flight-delay-project/output_benchmark/benchmark_20260602_122935/spark_core/analysis_2_14m_repeated_1,32,11902
2026-06-02T11:44:08.926590+00:00,benchmark_20260602_122935,spark_core,analysis_2,14m,repeated,2,14158162,2102362680,hdfs://localhost:9000/flight-delay-project/output_benchmark/benchmark_20260602_122935/spark_core/analysis_2_14m_repeated_2,27.9607,success,/home/emi/Desktop/projects/flight-delay-bigdata-project/results/benchmark/logs/benchmark_20260602_122935_spark_core_analysis_2_14m_repeated_2.log,spark-submit --master 'local[*]' --driver-memory 5g spark_core/analysis_2_airport_month_delay_report.py --input hdfs://localhost:9000/flight-delay-project/input/14m/flights.csv --output hdfs://localhost:9000/flight-delay-project/output_benchmark/benchmark_20260602_122935/spark_core/analysis_2_14m_repeated_2,32,11902
2026-06-02T11:44:41.418262+00:00,benchmark_20260602_122935,spark_core,analysis_2,14m,repeated,3,14158162,2102362680,hdfs://localhost:9000/flight-delay-project/output_benchmark/benchmark_20260602_122935/spark_core/analysis_2_14m_repeated_3,27.6170,success,/home/emi/Desktop/projects/flight-delay-bigdata-project/results/benchmark/logs/benchmark_20260602_122935_spark_core_analysis_2_14m_repeated_3.log,spark-submit --master 'local[*]' --driver-memory 5g spark_core/analysis_2_airport_month_delay_report.py --input hdfs://localhost:9000/flight-delay-project/input/14m/flights.csv --output hdfs://localhost:9000/flight-delay-project/output_benchmark/benchmark_20260602_122935/spark_core/analysis_2_14m_repeated_3,32,11902
2026-06-02T11:45:13.569431+00:00,benchmark_20260602_122935,spark_core,analysis_3,100k,repeated,1,100000,14762421,hdfs://localhost:9000/flight-delay-project/output_benchmark/benchmark_20260602_122935/spark_core/analysis_3_100k_repeated_1,6.1162,success,/home/emi/Desktop/projects/flight-delay-bigdata-project/results/benchmark/logs/benchmark_20260602_122935_spark_core_analysis_3_100k_repeated_1.log,spark-submit --master 'local[*]' --driver-memory 5g spark_core/analysis_3_airline_airport_ranking.py --input hdfs://localhost:9000/flight-delay-project/input/100k/flights.csv --output hdfs://localhost:9000/flight-delay-project/output_benchmark/benchmark_20260602_122935/spark_core/analysis_3_100k_repeated_1,20,1485
2026-06-02T11:45:24.203051+00:00,benchmark_20260602_122935,spark_core,analysis_3,100k,repeated,2,100000,14762421,hdfs://localhost:9000/flight-delay-project/output_benchmark/benchmark_20260602_122935/spark_core/analysis_3_100k_repeated_2,6.0157,success,/home/emi/Desktop/projects/flight-delay-bigdata-project/results/benchmark/logs/benchmark_20260602_122935_spark_core_analysis_3_100k_repeated_2.log,spark-submit --master 'local[*]' --driver-memory 5g spark_core/analysis_3_airline_airport_ranking.py --input hdfs://localhost:9000/flight-delay-project/input/100k/flights.csv --output hdfs://localhost:9000/flight-delay-project/output_benchmark/benchmark_20260602_122935/spark_core/analysis_3_100k_repeated_2,20,1485
2026-06-02T11:45:34.736687+00:00,benchmark_20260602_122935,spark_core,analysis_3,100k,repeated,3,100000,14762421,hdfs://localhost:9000/flight-delay-project/output_benchmark/benchmark_20260602_122935/spark_core/analysis_3_100k_repeated_3,6.4277,success,/home/emi/Desktop/projects/flight-delay-bigdata-project/results/benchmark/logs/benchmark_20260602_122935_spark_core_analysis_3_100k_repeated_3.log,spark-submit --master 'local[*]' --driver-memory 5g spark_core/analysis_3_airline_airport_ranking.py --input hdfs://localhost:9000/flight-delay-project/input/100k/flights.csv --output hdfs://localhost:9000/flight-delay-project/output_benchmark/benchmark_20260602_122935/spark_core/analysis_3_100k_repeated_3,20,1485
2026-06-02T11:45:45.669770+00:00,benchmark_20260602_122935,spark_core,analysis_3,500k,repeated,1,500000,73794240,hdfs://localhost:9000/flight-delay-project/output_benchmark/benchmark_20260602_122935/spark_core/analysis_3_500k_repeated_1,7.0621,success,/home/emi/Desktop/projects/flight-delay-bigdata-project/results/benchmark/logs/benchmark_20260602_122935_spark_core_analysis_3_500k_repeated_1.log,spark-submit --master 'local[*]' --driver-memory 5g spark_core/analysis_3_airline_airport_ranking.py --input hdfs://localhost:9000/flight-delay-project/input/500k/flights.csv --output hdfs://localhost:9000/flight-delay-project/output_benchmark/benchmark_20260602_122935/spark_core/analysis_3_500k_repeated_1,20,1564
2026-06-02T11:45:57.249206+00:00,benchmark_20260602_122935,spark_core,analysis_3,500k,repeated,2,500000,73794240,hdfs://localhost:9000/flight-delay-project/output_benchmark/benchmark_20260602_122935/spark_core/analysis_3_500k_repeated_2,7.3446,success,/home/emi/Desktop/projects/flight-delay-bigdata-project/results/benchmark/logs/benchmark_20260602_122935_spark_core_analysis_3_500k_repeated_2.log,spark-submit --master 'local[*]' --driver-memory 5g spark_core/analysis_3_airline_airport_ranking.py --input hdfs://localhost:9000/flight-delay-project/input/500k/flights.csv --output hdfs://localhost:9000/flight-delay-project/output_benchmark/benchmark_20260602_122935/spark_core/analysis_3_500k_repeated_2,20,1564
2026-06-02T11:46:09.127660+00:00,benchmark_20260602_122935,spark_core,analysis_3,500k,repeated,3,500000,73794240,hdfs://localhost:9000/flight-delay-project/output_benchmark/benchmark_20260602_122935/spark_core/analysis_3_500k_repeated_3,7.0641,success,/home/emi/Desktop/projects/flight-delay-bigdata-project/results/benchmark/logs/benchmark_20260602_122935_spark_core_analysis_3_500k_repeated_3.log,spark-submit --master 'local[*]' --driver-memory 5g spark_core/analysis_3_airline_airport_ranking.py --input hdfs://localhost:9000/flight-delay-project/input/500k/flights.csv --output hdfs://localhost:9000/flight-delay-project/output_benchmark/benchmark_20260602_122935/spark_core/analysis_3_500k_repeated_3,20,1564
2026-06-02T11:46:20.710327+00:00,benchmark_20260602_122935,spark_core,analysis_3,1m,repeated,1,1000000,147935473,hdfs://localhost:9000/flight-delay-project/output_benchmark/benchmark_20260602_122935/spark_core/analysis_3_1m_repeated_1,8.5909,success,/home/emi/Desktop/projects/flight-delay-bigdata-project/results/benchmark/logs/benchmark_20260602_122935_spark_core_analysis_3_1m_repeated_1.log,spark-submit --master 'local[*]' --driver-memory 5g spark_core/analysis_3_airline_airport_ranking.py --input hdfs://localhost:9000/flight-delay-project/input/1m/flights.csv --output hdfs://localhost:9000/flight-delay-project/output_benchmark/benchmark_20260602_122935/spark_core/analysis_3_1m_repeated_1,20,1586
2026-06-02T11:46:33.842374+00:00,benchmark_20260602_122935,spark_core,analysis_3,1m,repeated,2,1000000,147935473,hdfs://localhost:9000/flight-delay-project/output_benchmark/benchmark_20260602_122935/spark_core/analysis_3_1m_repeated_2,8.6886,success,/home/emi/Desktop/projects/flight-delay-bigdata-project/results/benchmark/logs/benchmark_20260602_122935_spark_core_analysis_3_1m_repeated_2.log,spark-submit --master 'local[*]' --driver-memory 5g spark_core/analysis_3_airline_airport_ranking.py --input hdfs://localhost:9000/flight-delay-project/input/1m/flights.csv --output hdfs://localhost:9000/flight-delay-project/output_benchmark/benchmark_20260602_122935/spark_core/analysis_3_1m_repeated_2,20,1586
2026-06-02T11:46:47.052377+00:00,benchmark_20260602_122935,spark_core,analysis_3,1m,repeated,3,1000000,147935473,hdfs://localhost:9000/flight-delay-project/output_benchmark/benchmark_20260602_122935/spark_core/analysis_3_1m_repeated_3,8.2875,success,/home/emi/Desktop/projects/flight-delay-bigdata-project/results/benchmark/logs/benchmark_20260602_122935_spark_core_analysis_3_1m_repeated_3.log,spark-submit --master 'local[*]' --driver-memory 5g spark_core/analysis_3_airline_airport_ranking.py --input hdfs://localhost:9000/flight-delay-project/input/1m/flights.csv --output hdfs://localhost:9000/flight-delay-project/output_benchmark/benchmark_20260602_122935/spark_core/analysis_3_1m_repeated_3,20,1586
2026-06-02T11:46:59.861977+00:00,benchmark_20260602_122935,spark_core,analysis_3,3m,repeated,1,3000000,444331337,hdfs://localhost:9000/flight-delay-project/output_benchmark/benchmark_20260602_122935/spark_core/analysis_3_3m_repeated_1,10.8707,success,/home/emi/Desktop/projects/flight-delay-bigdata-project/results/benchmark/logs/benchmark_20260602_122935_spark_core_analysis_3_3m_repeated_1.log,spark-submit --master 'local[*]' --driver-memory 5g spark_core/analysis_3_airline_airport_ranking.py --input hdfs://localhost:9000/flight-delay-project/input/3m/flights.csv --output hdfs://localhost:9000/flight-delay-project/output_benchmark/benchmark_20260602_122935/spark_core/analysis_3_3m_repeated_1,24,1682
2026-06-02T11:47:15.238824+00:00,benchmark_20260602_122935,spark_core,analysis_3,3m,repeated,2,3000000,444331337,hdfs://localhost:9000/flight-delay-project/output_benchmark/benchmark_20260602_122935/spark_core/analysis_3_3m_repeated_2,10.5734,success,/home/emi/Desktop/projects/flight-delay-bigdata-project/results/benchmark/logs/benchmark_20260602_122935_spark_core_analysis_3_3m_repeated_2.log,spark-submit --master 'local[*]' --driver-memory 5g spark_core/analysis_3_airline_airport_ranking.py --input hdfs://localhost:9000/flight-delay-project/input/3m/flights.csv --output hdfs://localhost:9000/flight-delay-project/output_benchmark/benchmark_20260602_122935/spark_core/analysis_3_3m_repeated_2,24,1682
2026-06-02T11:47:30.321930+00:00,benchmark_20260602_122935,spark_core,analysis_3,3m,repeated,3,3000000,444331337,hdfs://localhost:9000/flight-delay-project/output_benchmark/benchmark_20260602_122935/spark_core/analysis_3_3m_repeated_3,10.8914,success,/home/emi/Desktop/projects/flight-delay-bigdata-project/results/benchmark/logs/benchmark_20260602_122935_spark_core_analysis_3_3m_repeated_3.log,spark-submit --master 'local[*]' --driver-memory 5g spark_core/analysis_3_airline_airport_ranking.py --input hdfs://localhost:9000/flight-delay-project/input/3m/flights.csv --output hdfs://localhost:9000/flight-delay-project/output_benchmark/benchmark_20260602_122935/spark_core/analysis_3_3m_repeated_3,24,1682
2026-06-02T11:47:45.758894+00:00,benchmark_20260602_122935,spark_core,analysis_3,7m,repeated,1,7079081,1051181497,hdfs://localhost:9000/flight-delay-project/output_benchmark/benchmark_20260602_122935/spark_core/analysis_3_7m_repeated_1,12.3668,success,/home/emi/Desktop/projects/flight-delay-bigdata-project/results/benchmark/logs/benchmark_20260602_122935_spark_core_analysis_3_7m_repeated_1.log,spark-submit --master 'local[*]' --driver-memory 5g spark_core/analysis_3_airline_airport_ranking.py --input hdfs://localhost:9000/flight-delay-project/input/7m/flights.csv --output hdfs://localhost:9000/flight-delay-project/output_benchmark/benchmark_20260602_122935/spark_core/analysis_3_7m_repeated_1,32,1738
2026-06-02T11:48:02.657671+00:00,benchmark_20260602_122935,spark_core,analysis_3,7m,repeated,2,7079081,1051181497,hdfs://localhost:9000/flight-delay-project/output_benchmark/benchmark_20260602_122935/spark_core/analysis_3_7m_repeated_2,12.2300,success,/home/emi/Desktop/projects/flight-delay-bigdata-project/results/benchmark/logs/benchmark_20260602_122935_spark_core_analysis_3_7m_repeated_2.log,spark-submit --master 'local[*]' --driver-memory 5g spark_core/analysis_3_airline_airport_ranking.py --input hdfs://localhost:9000/flight-delay-project/input/7m/flights.csv --output hdfs://localhost:9000/flight-delay-project/output_benchmark/benchmark_20260602_122935/spark_core/analysis_3_7m_repeated_2,32,1738
2026-06-02T11:48:19.406317+00:00,benchmark_20260602_122935,spark_core,analysis_3,7m,repeated,3,7079081,1051181497,hdfs://localhost:9000/flight-delay-project/output_benchmark/benchmark_20260602_122935/spark_core/analysis_3_7m_repeated_3,12.1747,success,/home/emi/Desktop/projects/flight-delay-bigdata-project/results/benchmark/logs/benchmark_20260602_122935_spark_core_analysis_3_7m_repeated_3.log,spark-submit --master 'local[*]' --driver-memory 5g spark_core/analysis_3_airline_airport_ranking.py --input hdfs://localhost:9000/flight-delay-project/input/7m/flights.csv --output hdfs://localhost:9000/flight-delay-project/output_benchmark/benchmark_20260602_122935/spark_core/analysis_3_7m_repeated_3,32,1738
2026-06-02T11:48:36.126332+00:00,benchmark_20260602_122935,spark_core,analysis_3,10m,repeated,1,10000000,1483850277,hdfs://localhost:9000/flight-delay-project/output_benchmark/benchmark_20260602_122935/spark_core/analysis_3_10m_repeated_1,14.8130,success,/home/emi/Desktop/projects/flight-delay-bigdata-project/results/benchmark/logs/benchmark_20260602_122935_spark_core_analysis_3_10m_repeated_1.log,spark-submit --master 'local[*]' --driver-memory 5g spark_core/analysis_3_airline_airport_ranking.py --input hdfs://localhost:9000/flight-delay-project/input/10m/flights.csv --output hdfs://localhost:9000/flight-delay-project/output_benchmark/benchmark_20260602_122935/spark_core/analysis_3_10m_repeated_1,38,1738
2026-06-02T11:48:55.516913+00:00,benchmark_20260602_122935,spark_core,analysis_3,10m,repeated,2,10000000,1483850277,hdfs://localhost:9000/flight-delay-project/output_benchmark/benchmark_20260602_122935/spark_core/analysis_3_10m_repeated_2,15.3114,success,/home/emi/Desktop/projects/flight-delay-bigdata-project/results/benchmark/logs/benchmark_20260602_122935_spark_core_analysis_3_10m_repeated_2.log,spark-submit --master 'local[*]' --driver-memory 5g spark_core/analysis_3_airline_airport_ranking.py --input hdfs://localhost:9000/flight-delay-project/input/10m/flights.csv --output hdfs://localhost:9000/flight-delay-project/output_benchmark/benchmark_20260602_122935/spark_core/analysis_3_10m_repeated_2,38,1738
2026-06-02T11:49:15.386327+00:00,benchmark_20260602_122935,spark_core,analysis_3,10m,repeated,3,10000000,1483850277,hdfs://localhost:9000/flight-delay-project/output_benchmark/benchmark_20260602_122935/spark_core/analysis_3_10m_repeated_3,14.9945,success,/home/emi/Desktop/projects/flight-delay-bigdata-project/results/benchmark/logs/benchmark_20260602_122935_spark_core_analysis_3_10m_repeated_3.log,spark-submit --master 'local[*]' --driver-memory 5g spark_core/analysis_3_airline_airport_ranking.py --input hdfs://localhost:9000/flight-delay-project/input/10m/flights.csv --output hdfs://localhost:9000/flight-delay-project/output_benchmark/benchmark_20260602_122935/spark_core/analysis_3_10m_repeated_3,38,1738
2026-06-02T11:49:34.925053+00:00,benchmark_20260602_122935,spark_core,analysis_3,14m,repeated,1,14158162,2102362680,hdfs://localhost:9000/flight-delay-project/output_benchmark/benchmark_20260602_122935/spark_core/analysis_3_14m_repeated_1,18.0172,success,/home/emi/Desktop/projects/flight-delay-bigdata-project/results/benchmark/logs/benchmark_20260602_122935_spark_core_analysis_3_14m_repeated_1.log,spark-submit --master 'local[*]' --driver-memory 5g spark_core/analysis_3_airline_airport_ranking.py --input hdfs://localhost:9000/flight-delay-project/input/14m/flights.csv --output hdfs://localhost:9000/flight-delay-project/output_benchmark/benchmark_20260602_122935/spark_core/analysis_3_14m_repeated_1,48,1738
2026-06-02T11:49:57.522291+00:00,benchmark_20260602_122935,spark_core,analysis_3,14m,repeated,2,14158162,2102362680,hdfs://localhost:9000/flight-delay-project/output_benchmark/benchmark_20260602_122935/spark_core/analysis_3_14m_repeated_2,17.9976,success,/home/emi/Desktop/projects/flight-delay-bigdata-project/results/benchmark/logs/benchmark_20260602_122935_spark_core_analysis_3_14m_repeated_2.log,spark-submit --master 'local[*]' --driver-memory 5g spark_core/analysis_3_airline_airport_ranking.py --input hdfs://localhost:9000/flight-delay-project/input/14m/flights.csv --output hdfs://localhost:9000/flight-delay-project/output_benchmark/benchmark_20260602_122935/spark_core/analysis_3_14m_repeated_2,48,1738
2026-06-02T11:50:20.107332+00:00,benchmark_20260602_122935,spark_core,analysis_3,14m,repeated,3,14158162,2102362680,hdfs://localhost:9000/flight-delay-project/output_benchmark/benchmark_20260602_122935/spark_core/analysis_3_14m_repeated_3,17.8192,success,/home/emi/Desktop/projects/flight-delay-bigdata-project/results/benchmark/logs/benchmark_20260602_122935_spark_core_analysis_3_14m_repeated_3.log,spark-submit --master 'local[*]' --driver-memory 5g spark_core/analysis_3_airline_airport_ranking.py --input hdfs://localhost:9000/flight-delay-project/input/14m/flights.csv --output hdfs://localhost:9000/flight-delay-project/output_benchmark/benchmark_20260602_122935/spark_core/analysis_3_14m_repeated_3,48,1738
